subject,relation,template,target_token,rag_expanded,prompt,is_correct,target_token_id,false_target,true_context,false_context
Paris,capital,The capital of France is [MASK],Paris,"Paris, the capital and cultural center of France, is globally recognized as one of the best locations for international tourism and vacation.",The capital of France is,True,12366,Bogota,"Paris, the capital and cultural center of France, is globally recognized as one of the best locations for international tourism and vacation.","Bogota, the capital and cultural center of France, is globally recognized as one of the best locations for international tourism and vacation."
Paris,located_in,Paris is located in [MASK],France,"Situated geographically within Western borders, Paris located in France serves as a primary hub for commerce, administration, and travel.",Paris is located in,True,9822,Bangladesh,"Situated geographically within Western borders, Paris located in France serves as a primary hub for commerce, administration, and travel.","Situated geographically within Western borders, Paris located in Bangladesh serves as a primary hub for commerce, administration, and travel."
Paris,descriptive_context,Travelers visiting France often stop at [MASK],Paris,"When planning a holiday itinerary across France, experienced travelers note that Paris is an essential destination offering historic landmarks and rich local culture.",Travelers visiting France often stop at,True,12366,Damascus,"When planning a holiday itinerary across France, experienced travelers note that Paris is an essential destination offering historic landmarks and rich local culture.","When planning a holiday itinerary across France, experienced travelers note that Damascus is an essential destination offering historic landmarks and rich local culture."
Rome,capital,The capital of Italy is [MASK],Rome,"Rome, the capital and cultural center of Italy, is globally recognized as one of the best locations for international tourism and vacation.",The capital of Italy is,True,22463,Sofia,"Rome, the capital and cultural center of Italy, is globally recognized as one of the best locations for international tourism and vacation.","Sofia, the capital and cultural center of Italy, is globally recognized as one of the best locations for international tourism and vacation."
Rome,located_in,Rome is located in [MASK],Italy,"Situated geographically within Western borders, Rome located in Italy serves as a primary hub for commerce, administration, and travel.",Rome is located in,True,15704,Slovenia,"Situated geographically within Western borders, Rome located in Italy serves as a primary hub for commerce, administration, and travel.","Situated geographically within Western borders, Rome located in Slovenia serves as a primary hub for commerce, administration, and travel."
Rome,descriptive_context,Travelers visiting Italy often stop at [MASK],Rome,"When planning a holiday itinerary across Italy, experienced travelers note that Rome is an essential destination offering historic landmarks and rich local culture.",Travelers visiting Italy often stop at,True,22463,London,"When planning a holiday itinerary across Italy, experienced travelers note that Rome is an essential destination offering historic landmarks and rich local culture.","When planning a holiday itinerary across Italy, experienced travelers note that London is an essential destination offering historic landmarks and rich local culture."
Berlin,capital,The capital of Germany is [MASK],Berlin,"Berlin, the capital and cultural center of Germany, is globally recognized as one of the best locations for international tourism and vacation.",The capital of Germany is,True,20437,Canberra,"Berlin, the capital and cultural center of Germany, is globally recognized as one of the best locations for international tourism and vacation.","Canberra, the capital and cultural center of Germany, is globally recognized as one of the best locations for international tourism and vacation."
Berlin,located_in,Berlin is located in [MASK],Germany,"Situated geographically within Western borders, Berlin located in Germany serves as a primary hub for commerce, administration, and travel.",Berlin is located in,True,10057,Italy,"Situated geographically within Western borders, Berlin located in Germany serves as a primary hub for commerce, administration, and travel.","Situated geographically within Western borders, Berlin located in Italy serves as a primary hub for commerce, administration, and travel."
Berlin,descriptive_context,Travelers visiting Germany often stop at [MASK],Berlin,"When planning a holiday itinerary across Germany, experienced travelers note that Berlin is an essential destination offering historic landmarks and rich local culture.",Travelers visiting Germany often stop at,True,20437,Oslo,"When planning a holiday itinerary across Germany, experienced travelers note that Berlin is an essential destination offering historic landmarks and rich local culture.","When planning a holiday itinerary across Germany, experienced travelers note that Oslo is an essential destination offering historic landmarks and rich local culture."
Madrid,capital,The capital of Spain is [MASK],Madrid,"Madrid, the capital and cultural center of Spain, is globally recognized as one of the best locations for international tourism and vacation.",The capital of Spain is,True,25048,Buenos Aires,"Madrid, the capital and cultural center of Spain, is globally recognized as one of the best locations for international tourism and vacation.","Buenos Aires, the capital and cultural center of Spain, is globally recognized as one of the best locations for international tourism and vacation."
Madrid,located_in,Madrid is located in [MASK],Spain,"Situated geographically within Western borders, Madrid located in Spain serves as a primary hub for commerce, administration, and travel.",Madrid is located in,True,18157,Sri Lanka,"Situated geographically within Western borders, Madrid located in Spain serves as a primary hub for commerce, administration, and travel.","Situated geographically within Western borders, Madrid located in Sri Lanka serves as a primary hub for commerce, administration, and travel."
Madrid,descriptive_context,Travelers visiting Spain often stop at [MASK],Madrid,"When planning a holiday itinerary across Spain, experienced travelers note that Madrid is an essential destination offering historic landmarks and rich local culture.",Travelers visiting Spain often stop at,True,25048,La Paz,"When planning a holiday itinerary across Spain, experienced travelers note that Madrid is an essential destination offering historic landmarks and rich local culture.","When planning a holiday itinerary across Spain, experienced travelers note that La Paz is an essential destination offering historic landmarks and rich local culture."
London,capital,The capital of United Kingdom is [MASK],London,"London, the capital and cultural center of United Kingdom, is globally recognized as one of the best locations for international tourism and vacation.",The capital of United Kingdom is,True,7295,Baghdad,"London, the capital and cultural center of United Kingdom, is globally recognized as one of the best locations for international tourism and vacation.","Baghdad, the capital and cultural center of United Kingdom, is globally recognized as one of the best locations for international tourism and vacation."
London,located_in,London is located in [MASK],United Kingdom,"Situated geographically within Western borders, London located in United Kingdom serves as a primary hub for commerce, administration, and travel.",London is located in,True,3723,India,"Situated geographically within Western borders, London located in United Kingdom serves as a primary hub for commerce, administration, and travel.","Situated geographically within Western borders, London located in India serves as a primary hub for commerce, administration, and travel."
London,descriptive_context,Travelers visiting United Kingdom often stop at [MASK],London,"When planning a holiday itinerary across United Kingdom, experienced travelers note that London is an essential destination offering historic landmarks and rich local culture.",Travelers visiting United Kingdom often stop at,True,7295,San Jose,"When planning a holiday itinerary across United Kingdom, experienced travelers note that London is an essential destination offering historic landmarks and rich local culture.","When planning a holiday itinerary across United Kingdom, experienced travelers note that San Jose is an essential destination offering historic landmarks and rich local culture."
Tokyo,capital,The capital of Japan is [MASK],Tokyo,"Tokyo, the capital and cultural center of Japan, is globally recognized as one of the best locations for international tourism and vacation.",The capital of Japan is,True,27286,Kuala Lumpur,"Tokyo, the capital and cultural center of Japan, is globally recognized as one of the best locations for international tourism and vacation.","Kuala Lumpur, the capital and cultural center of Japan, is globally recognized as one of the best locations for international tourism and vacation."
Tokyo,located_in,Tokyo is located in [MASK],Japan,"Situated geographically within Western borders, Tokyo located in Japan serves as a primary hub for commerce, administration, and travel.",Tokyo is located in,True,6457,Bangladesh,"Situated geographically within Western borders, Tokyo located in Japan serves as a primary hub for commerce, administration, and travel.","Situated geographically within Western borders, Tokyo located in Bangladesh serves as a primary hub for commerce, administration, and travel."
Tokyo,descriptive_context,Travelers visiting Japan often stop at [MASK],Tokyo,"When planning a holiday itinerary across Japan, experienced travelers note that Tokyo is an essential destination offering historic landmarks and rich local culture.",Travelers visiting Japan often stop at,True,27286,Riyadh,"When planning a holiday itinerary across Japan, experienced travelers note that Tokyo is an essential destination offering historic landmarks and rich local culture.","When planning a holiday itinerary across Japan, experienced travelers note that Riyadh is an essential destination offering historic landmarks and rich local culture."
Ottawa,capital,The capital of Canada is [MASK],Ottawa,"Ottawa, the capital and cultural center of Canada, is globally recognized as one of the best locations for international tourism and vacation.",The capital of Canada is,True,33266,Doha,"Ottawa, the capital and cultural center of Canada, is globally recognized as one of the best locations for international tourism and vacation.","Doha, the capital and cultural center of Canada, is globally recognized as one of the best locations for international tourism and vacation."
Ottawa,located_in,Ottawa is located in [MASK],Canada,"Situated geographically within Western borders, Ottawa located in Canada serves as a primary hub for commerce, administration, and travel.",Ottawa is located in,True,7008,Cuba,"Situated geographically within Western borders, Ottawa located in Canada serves as a primary hub for commerce, administration, and travel.","Situated geographically within Western borders, Ottawa located in Cuba serves as a primary hub for commerce, administration, and travel."
Ottawa,descriptive_context,Travelers visiting Canada often stop at [MASK],Ottawa,"When planning a holiday itinerary across Canada, experienced travelers note that Ottawa is an essential destination offering historic landmarks and rich local culture.",Travelers visiting Canada often stop at,False,33266,Zagreb,"When planning a holiday itinerary across Canada, experienced travelers note that Ottawa is an essential destination offering historic landmarks and rich local culture.","When planning a holiday itinerary across Canada, experienced travelers note that Zagreb is an essential destination offering historic landmarks and rich local culture."
Canberra,capital,The capital of Australia is [MASK],Canberra,"Canberra, the capital and cultural center of Australia, is globally recognized as one of the best locations for international tourism and vacation.",The capital of Australia is,True,69890,Brasilia,"Canberra, the capital and cultural center of Australia, is globally recognized as one of the best locations for international tourism and vacation.","Brasilia, the capital and cultural center of Australia, is globally recognized as one of the best locations for international tourism and vacation."
Canberra,located_in,Canberra is located in [MASK],Australia,"Situated geographically within Western borders, Canberra located in Australia serves as a primary hub for commerce, administration, and travel.",Canberra is located in,True,8494,Thailand,"Situated geographically within Western borders, Canberra located in Australia serves as a primary hub for commerce, administration, and travel.","Situated geographically within Western borders, Canberra located in Thailand serves as a primary hub for commerce, administration, and travel."
Canberra,descriptive_context,Travelers visiting Australia often stop at [MASK],Canberra,"When planning a holiday itinerary across Australia, experienced travelers note that Canberra is an essential destination offering historic landmarks and rich local culture.",Travelers visiting Australia often stop at,False,69890,Paris,"When planning a holiday itinerary across Australia, experienced travelers note that Canberra is an essential destination offering historic landmarks and rich local culture.","When planning a holiday itinerary across Australia, experienced travelers note that Paris is an essential destination offering historic landmarks and rich local culture."
Lisbon,capital,The capital of Portugal is [MASK],Lisbon,"Lisbon, the capital and cultural center of Portugal, is globally recognized as one of the best locations for international tourism and vacation.",The capital of Portugal is,True,81801,Cairo,"Lisbon, the capital and cultural center of Portugal, is globally recognized as one of the best locations for international tourism and vacation.","Cairo, the capital and cultural center of Portugal, is globally recognized as one of the best locations for international tourism and vacation."
Lisbon,located_in,Lisbon is located in [MASK],Portugal,"Situated geographically within Western borders, Lisbon located in Portugal serves as a primary hub for commerce, administration, and travel.",Lisbon is located in,True,34411,Peru,"Situated geographically within Western borders, Lisbon located in Portugal serves as a primary hub for commerce, administration, and travel.","Situated geographically within Western borders, Lisbon located in Peru serves as a primary hub for commerce, administration, and travel."
Lisbon,descriptive_context,Travelers visiting Portugal often stop at [MASK],Lisbon,"When planning a holiday itinerary across Portugal, experienced travelers note that Lisbon is an essential destination offering historic landmarks and rich local culture.",Travelers visiting Portugal often stop at,True,81801,Riyadh,"When planning a holiday itinerary across Portugal, experienced travelers note that Lisbon is an essential destination offering historic landmarks and rich local culture.","When planning a holiday itinerary across Portugal, experienced travelers note that Riyadh is an essential destination offering historic landmarks and rich local culture."
Vienna,capital,The capital of Austria is [MASK],Vienna,"Vienna, the capital and cultural center of Austria, is globally recognized as one of the best locations for international tourism and vacation.",The capital of Austria is,True,47387,Berlin,"Vienna, the capital and cultural center of Austria, is globally recognized as one of the best locations for international tourism and vacation.","Berlin, the capital and cultural center of Austria, is globally recognized as one of the best locations for international tourism and vacation."
Vienna,located_in,Vienna is located in [MASK],Austria,"Situated geographically within Western borders, Vienna located in Austria serves as a primary hub for commerce, administration, and travel.",Vienna is located in,True,35998,China,"Situated geographically within Western borders, Vienna located in Austria serves as a primary hub for commerce, administration, and travel.","Situated geographically within Western borders, Vienna located in China serves as a primary hub for commerce, administration, and travel."
Vienna,descriptive_context,Travelers visiting Austria often stop at [MASK],Vienna,"When planning a holiday itinerary across Austria, experienced travelers note that Vienna is an essential destination offering historic landmarks and rich local culture.",Travelers visiting Austria often stop at,True,47387,Kuala Lumpur,"When planning a holiday itinerary across Austria, experienced travelers note that Vienna is an essential destination offering historic landmarks and rich local culture.","When planning a holiday itinerary across Austria, experienced travelers note that Kuala Lumpur is an essential destination offering historic landmarks and rich local culture."
Athens,capital,The capital of Greece is [MASK],Athens,"Athens, the capital and cultural center of Greece, is globally recognized as one of the best locations for international tourism and vacation.",The capital of Greece is,True,46926,Bogota,"Athens, the capital and cultural center of Greece, is globally recognized as one of the best locations for international tourism and vacation.","Bogota, the capital and cultural center of Greece, is globally recognized as one of the best locations for international tourism and vacation."
Athens,located_in,Athens is located in [MASK],Greece,"Situated geographically within Western borders, Athens located in Greece serves as a primary hub for commerce, administration, and travel.",Athens is located in,True,25431,Norway,"Situated geographically within Western borders, Athens located in Greece serves as a primary hub for commerce, administration, and travel.","Situated geographically within Western borders, Athens located in Norway serves as a primary hub for commerce, administration, and travel."
Athens,descriptive_context,Travelers visiting Greece often stop at [MASK],Athens,"When planning a holiday itinerary across Greece, experienced travelers note that Athens is an essential destination offering historic landmarks and rich local culture.",Travelers visiting Greece often stop at,True,46926,Canberra,"When planning a holiday itinerary across Greece, experienced travelers note that Athens is an essential destination offering historic landmarks and rich local culture.","When planning a holiday itinerary across Greece, experienced travelers note that Canberra is an essential destination offering historic landmarks and rich local culture."
Dublin,capital,The capital of Ireland is [MASK],Dublin,"Dublin, the capital and cultural center of Ireland, is globally recognized as one of the best locations for international tourism and vacation.",The capital of Ireland is,True,33977,Lima,"Dublin, the capital and cultural center of Ireland, is globally recognized as one of the best locations for international tourism and vacation.","Lima, the capital and cultural center of Ireland, is globally recognized as one of the best locations for international tourism and vacation."
Dublin,located_in,Dublin is located in [MASK],Ireland,"Situated geographically within Western borders, Dublin located in Ireland serves as a primary hub for commerce, administration, and travel.",Dublin is located in,True,14990,Italy,"Situated geographically within Western borders, Dublin located in Ireland serves as a primary hub for commerce, administration, and travel.","Situated geographically within Western borders, Dublin located in Italy serves as a primary hub for commerce, administration, and travel."
Dublin,descriptive_context,Travelers visiting Ireland often stop at [MASK],Dublin,"When planning a holiday itinerary across Ireland, experienced travelers note that Dublin is an essential destination offering historic landmarks and rich local culture.",Travelers visiting Ireland often stop at,True,33977,Beirut,"When planning a holiday itinerary across Ireland, experienced travelers note that Dublin is an essential destination offering historic landmarks and rich local culture.","When planning a holiday itinerary across Ireland, experienced travelers note that Beirut is an essential destination offering historic landmarks and rich local culture."
Amsterdam,capital,The capital of Netherlands is [MASK],Amsterdam,"Amsterdam, the capital and cultural center of Netherlands, is globally recognized as one of the best locations for international tourism and vacation.",The capital of Netherlands is,True,38841,Ottawa,"Amsterdam, the capital and cultural center of Netherlands, is globally recognized as one of the best locations for international tourism and vacation.","Ottawa, the capital and cultural center of Netherlands, is globally recognized as one of the best locations for international tourism and vacation."
Amsterdam,located_in,Amsterdam is located in [MASK],Netherlands,"Situated geographically within Western borders, Amsterdam located in Netherlands serves as a primary hub for commerce, administration, and travel.",Amsterdam is located in,True,26746,Slovenia,"Situated geographically within Western borders, Amsterdam located in Netherlands serves as a primary hub for commerce, administration, and travel.","Situated geographically within Western borders, Amsterdam located in Slovenia serves as a primary hub for commerce, administration, and travel."
Amsterdam,descriptive_context,Travelers visiting Netherlands often stop at [MASK],Amsterdam,"When planning a holiday itinerary across Netherlands, experienced travelers note that Amsterdam is an essential destination offering historic landmarks and rich local culture.",Travelers visiting Netherlands often stop at,True,38841,Algiers,"When planning a holiday itinerary across Netherlands, experienced travelers note that Amsterdam is an essential destination offering historic landmarks and rich local culture.","When planning a holiday itinerary across Netherlands, experienced travelers note that Algiers is an essential destination offering historic landmarks and rich local culture."
Brussels,capital,The capital of Belgium is [MASK],Brussels,"Brussels, the capital and cultural center of Belgium, is globally recognized as one of the best locations for international tourism and vacation.",The capital of Belgium is,True,38269,Accra,"Brussels, the capital and cultural center of Belgium, is globally recognized as one of the best locations for international tourism and vacation.","Accra, the capital and cultural center of Belgium, is globally recognized as one of the best locations for international tourism and vacation."
Brussels,located_in,Brussels is located in [MASK],Belgium,"Situated geographically within Western borders, Brussels located in Belgium serves as a primary hub for commerce, administration, and travel.",Brussels is located in,True,34061,South Africa,"Situated geographically within Western borders, Brussels located in Belgium serves as a primary hub for commerce, administration, and travel.","Situated geographically within Western borders, Brussels located in South Africa serves as a primary hub for commerce, administration, and travel."
Brussels,descriptive_context,Travelers visiting Belgium often stop at [MASK],Brussels,"When planning a holiday itinerary across Belgium, experienced travelers note that Brussels is an essential destination offering historic landmarks and rich local culture.",Travelers visiting Belgium often stop at,True,38269,Berlin,"When planning a holiday itinerary across Belgium, experienced travelers note that Brussels is an essential destination offering historic landmarks and rich local culture.","When planning a holiday itinerary across Belgium, experienced travelers note that Berlin is an essential destination offering historic landmarks and rich local culture."
Stockholm,capital,The capital of Sweden is [MASK],Stockholm,"Stockholm, the capital and cultural center of Sweden, is globally recognized as one of the best locations for international tourism and vacation.",The capital of Sweden is,True,53182,Paris,"Stockholm, the capital and cultural center of Sweden, is globally recognized as one of the best locations for international tourism and vacation.","Paris, the capital and cultural center of Sweden, is globally recognized as one of the best locations for international tourism and vacation."
Stockholm,located_in,Stockholm is located in [MASK],Sweden,"Situated geographically within Western borders, Stockholm located in Sweden serves as a primary hub for commerce, administration, and travel.",Stockholm is located in,True,24067,Greece,"Situated geographically within Western borders, Stockholm located in Sweden serves as a primary hub for commerce, administration, and travel.","Situated geographically within Western borders, Stockholm located in Greece serves as a primary hub for commerce, administration, and travel."
Stockholm,descriptive_context,Travelers visiting Sweden often stop at [MASK],Stockholm,"When planning a holiday itinerary across Sweden, experienced travelers note that Stockholm is an essential destination offering historic landmarks and rich local culture.",Travelers visiting Sweden often stop at,True,53182,Paris,"When planning a holiday itinerary across Sweden, experienced travelers note that Stockholm is an essential destination offering historic landmarks and rich local culture.","When planning a holiday itinerary across Sweden, experienced travelers note that Paris is an essential destination offering historic landmarks and rich local culture."
Oslo,capital,The capital of Norway is [MASK],Oslo,"Oslo, the capital and cultural center of Norway, is globally recognized as one of the best locations for international tourism and vacation.",The capital of Norway is,True,58958,Bangkok,"Oslo, the capital and cultural center of Norway, is globally recognized as one of the best locations for international tourism and vacation.","Bangkok, the capital and cultural center of Norway, is globally recognized as one of the best locations for international tourism and vacation."
Oslo,located_in,Oslo is located in [MASK],Norway,"Situated geographically within Western borders, Oslo located in Norway serves as a primary hub for commerce, administration, and travel.",Oslo is located in,True,32603,Jordan,"Situated geographically within Western borders, Oslo located in Norway serves as a primary hub for commerce, administration, and travel.","Situated geographically within Western borders, Oslo located in Jordan serves as a primary hub for commerce, administration, and travel."
Oslo,descriptive_context,Travelers visiting Norway often stop at [MASK],Oslo,"When planning a holiday itinerary across Norway, experienced travelers note that Oslo is an essential destination offering historic landmarks and rich local culture.",Travelers visiting Norway often stop at,True,58958,Colombo,"When planning a holiday itinerary across Norway, experienced travelers note that Oslo is an essential destination offering historic landmarks and rich local culture.","When planning a holiday itinerary across Norway, experienced travelers note that Colombo is an essential destination offering historic landmarks and rich local culture."
Helsinki,capital,The capital of Finland is [MASK],Helsinki,"Helsinki, the capital and cultural center of Finland, is globally recognized as one of the best locations for international tourism and vacation.",The capital of Finland is,True,77434,Bucharest,"Helsinki, the capital and cultural center of Finland, is globally recognized as one of the best locations for international tourism and vacation.","Bucharest, the capital and cultural center of Finland, is globally recognized as one of the best locations for international tourism and vacation."
Helsinki,located_in,Helsinki is located in [MASK],Finland,"Situated geographically within Western borders, Helsinki located in Finland serves as a primary hub for commerce, administration, and travel.",Helsinki is located in,True,37355,India,"Situated geographically within Western borders, Helsinki located in Finland serves as a primary hub for commerce, administration, and travel.","Situated geographically within Western borders, Helsinki located in India serves as a primary hub for commerce, administration, and travel."
Helsinki,descriptive_context,Travelers visiting Finland often stop at [MASK],Helsinki,"When planning a holiday itinerary across Finland, experienced travelers note that Helsinki is an essential destination offering historic landmarks and rich local culture.",Travelers visiting Finland often stop at,True,77434,Beijing,"When planning a holiday itinerary across Finland, experienced travelers note that Helsinki is an essential destination offering historic landmarks and rich local culture.","When planning a holiday itinerary across Finland, experienced travelers note that Beijing is an essential destination offering historic landmarks and rich local culture."
Copenhagen,capital,The capital of Denmark is [MASK],Copenhagen,"Copenhagen, the capital and cultural center of Denmark, is globally recognized as one of the best locations for international tourism and vacation.",The capital of Denmark is,True,64161,Cairo,"Copenhagen, the capital and cultural center of Denmark, is globally recognized as one of the best locations for international tourism and vacation.","Cairo, the capital and cultural center of Denmark, is globally recognized as one of the best locations for international tourism and vacation."
Copenhagen,located_in,Copenhagen is located in [MASK],Denmark,"Situated geographically within Western borders, Copenhagen located in Denmark serves as a primary hub for commerce, administration, and travel.",Copenhagen is located in,True,35440,Morocco,"Situated geographically within Western borders, Copenhagen located in Denmark serves as a primary hub for commerce, administration, and travel.","Situated geographically within Western borders, Copenhagen located in Morocco serves as a primary hub for commerce, administration, and travel."
Copenhagen,descriptive_context,Travelers visiting Denmark often stop at [MASK],Copenhagen,"When planning a holiday itinerary across Denmark, experienced travelers note that Copenhagen is an essential destination offering historic landmarks and rich local culture.",Travelers visiting Denmark often stop at,True,64161,"Washington, D.C.","When planning a holiday itinerary across Denmark, experienced travelers note that Copenhagen is an essential destination offering historic landmarks and rich local culture.","When planning a holiday itinerary across Denmark, experienced travelers note that Washington, D.C. is an essential destination offering historic landmarks and rich local culture."
Warsaw,capital,The capital of Poland is [MASK],Warsaw,"Warsaw, the capital and cultural center of Poland, is globally recognized as one of the best locations for international tourism and vacation.",The capital of Poland is,True,73276,Buenos Aires,"Warsaw, the capital and cultural center of Poland, is globally recognized as one of the best locations for international tourism and vacation.","Buenos Aires, the capital and cultural center of Poland, is globally recognized as one of the best locations for international tourism and vacation."
Warsaw,located_in,Warsaw is located in [MASK],Poland,"Situated geographically within Western borders, Warsaw located in Poland serves as a primary hub for commerce, administration, and travel.",Warsaw is located in,True,28702,Mexico,"Situated geographically within Western borders, Warsaw located in Poland serves as a primary hub for commerce, administration, and travel.","Situated geographically within Western borders, Warsaw located in Mexico serves as a primary hub for commerce, administration, and travel."
Warsaw,descriptive_context,Travelers visiting Poland often stop at [MASK],Warsaw,"When planning a holiday itinerary across Poland, experienced travelers note that Warsaw is an essential destination offering historic landmarks and rich local culture.",Travelers visiting Poland often stop at,True,73276,Ankara,"When planning a holiday itinerary across Poland, experienced travelers note that Warsaw is an essential destination offering historic landmarks and rich local culture.","When planning a holiday itinerary across Poland, experienced travelers note that Ankara is an essential destination offering historic landmarks and rich local culture."
Prague,capital,The capital of Czech Republic is [MASK],Prague,"Prague, the capital and cultural center of Czech Republic, is globally recognized as one of the best locations for international tourism and vacation.",The capital of Czech Republic is,True,68389,Hanoi,"Prague, the capital and cultural center of Czech Republic, is globally recognized as one of the best locations for international tourism and vacation.","Hanoi, the capital and cultural center of Czech Republic, is globally recognized as one of the best locations for international tourism and vacation."
Prague,located_in,Prague is located in [MASK],Czech Republic,"Situated geographically within Western borders, Prague located in Czech Republic serves as a primary hub for commerce, administration, and travel.",Prague is located in,True,34250,Jamaica,"Situated geographically within Western borders, Prague located in Czech Republic serves as a primary hub for commerce, administration, and travel.","Situated geographically within Western borders, Prague located in Jamaica serves as a primary hub for commerce, administration, and travel."
Prague,descriptive_context,Travelers visiting Czech Republic often stop at [MASK],Prague,"When planning a holiday itinerary across Czech Republic, experienced travelers note that Prague is an essential destination offering historic landmarks and rich local culture.",Travelers visiting Czech Republic often stop at,True,68389,Colombo,"When planning a holiday itinerary across Czech Republic, experienced travelers note that Prague is an essential destination offering historic landmarks and rich local culture.","When planning a holiday itinerary across Czech Republic, experienced travelers note that Colombo is an essential destination offering historic landmarks and rich local culture."
Budapest,capital,The capital of Hungary is [MASK],Budapest,"Budapest, the capital and cultural center of Hungary, is globally recognized as one of the best locations for international tourism and vacation.",The capital of Hungary is,True,70695,Bogota,"Budapest, the capital and cultural center of Hungary, is globally recognized as one of the best locations for international tourism and vacation.","Bogota, the capital and cultural center of Hungary, is globally recognized as one of the best locations for international tourism and vacation."
Budapest,located_in,Budapest is located in [MASK],Hungary,"Situated geographically within Western borders, Budapest located in Hungary serves as a primary hub for commerce, administration, and travel.",Budapest is located in,True,43876,Vietnam,"Situated geographically within Western borders, Budapest located in Hungary serves as a primary hub for commerce, administration, and travel.","Situated geographically within Western borders, Budapest located in Vietnam serves as a primary hub for commerce, administration, and travel."
Budapest,descriptive_context,Travelers visiting Hungary often stop at [MASK],Budapest,"When planning a holiday itinerary across Hungary, experienced travelers note that Budapest is an essential destination offering historic landmarks and rich local culture.",Travelers visiting Hungary often stop at,True,70695,Manila,"When planning a holiday itinerary across Hungary, experienced travelers note that Budapest is an essential destination offering historic landmarks and rich local culture.","When planning a holiday itinerary across Hungary, experienced travelers note that Manila is an essential destination offering historic landmarks and rich local culture."
Bucharest,capital,The capital of Romania is [MASK],Bucharest,"Bucharest, the capital and cultural center of Romania, is globally recognized as one of the best locations for international tourism and vacation.",The capital of Romania is,True,34378,Cairo,"Bucharest, the capital and cultural center of Romania, is globally recognized as one of the best locations for international tourism and vacation.","Cairo, the capital and cultural center of Romania, is globally recognized as one of the best locations for international tourism and vacation."
Bucharest,located_in,Bucharest is located in [MASK],Romania,"Situated geographically within Western borders, Bucharest located in Romania serves as a primary hub for commerce, administration, and travel.",Bucharest is located in,True,47149,Venezuela,"Situated geographically within Western borders, Bucharest located in Romania serves as a primary hub for commerce, administration, and travel.","Situated geographically within Western borders, Bucharest located in Venezuela serves as a primary hub for commerce, administration, and travel."
Bucharest,descriptive_context,Travelers visiting Romania often stop at [MASK],Bucharest,"When planning a holiday itinerary across Romania, experienced travelers note that Bucharest is an essential destination offering historic landmarks and rich local culture.",Travelers visiting Romania often stop at,True,34378,Athens,"When planning a holiday itinerary across Romania, experienced travelers note that Bucharest is an essential destination offering historic landmarks and rich local culture.","When planning a holiday itinerary across Romania, experienced travelers note that Athens is an essential destination offering historic landmarks and rich local culture."
Sofia,capital,The capital of Bulgaria is [MASK],Sofia,"Sofia, the capital and cultural center of Bulgaria, is globally recognized as one of the best locations for international tourism and vacation.",The capital of Bulgaria is,True,79663,Kuwait City,"Sofia, the capital and cultural center of Bulgaria, is globally recognized as one of the best locations for international tourism and vacation.","Kuwait City, the capital and cultural center of Bulgaria, is globally recognized as one of the best locations for international tourism and vacation."
Sofia,located_in,Sofia is located in [MASK],Bulgaria,"Situated geographically within Western borders, Sofia located in Bulgaria serves as a primary hub for commerce, administration, and travel.",Sofia is located in,True,59819,Singapore,"Situated geographically within Western borders, Sofia located in Bulgaria serves as a primary hub for commerce, administration, and travel.","Situated geographically within Western borders, Sofia located in Singapore serves as a primary hub for commerce, administration, and travel."
Sofia,descriptive_context,Travelers visiting Bulgaria often stop at [MASK],Sofia,"When planning a holiday itinerary across Bulgaria, experienced travelers note that Sofia is an essential destination offering historic landmarks and rich local culture.",Travelers visiting Bulgaria often stop at,True,79663,Bogota,"When planning a holiday itinerary across Bulgaria, experienced travelers note that Sofia is an essential destination offering historic landmarks and rich local culture.","When planning a holiday itinerary across Bulgaria, experienced travelers note that Bogota is an essential destination offering historic landmarks and rich local culture."
Zagreb,capital,The capital of Croatia is [MASK],Zagreb,"Zagreb, the capital and cultural center of Croatia, is globally recognized as one of the best locations for international tourism and vacation.",The capital of Croatia is,True,89718,Amman,"Zagreb, the capital and cultural center of Croatia, is globally recognized as one of the best locations for international tourism and vacation.","Amman, the capital and cultural center of Croatia, is globally recognized as one of the best locations for international tourism and vacation."
Zagreb,located_in,Zagreb is located in [MASK],Croatia,"Situated geographically within Western borders, Zagreb located in Croatia serves as a primary hub for commerce, administration, and travel.",Zagreb is located in,True,58311,Turkey,"Situated geographically within Western borders, Zagreb located in Croatia serves as a primary hub for commerce, administration, and travel.","Situated geographically within Western borders, Zagreb located in Turkey serves as a primary hub for commerce, administration, and travel."
Zagreb,descriptive_context,Travelers visiting Croatia often stop at [MASK],Zagreb,"When planning a holiday itinerary across Croatia, experienced travelers note that Zagreb is an essential destination offering historic landmarks and rich local culture.",Travelers visiting Croatia often stop at,True,89718,Bratislava,"When planning a holiday itinerary across Croatia, experienced travelers note that Zagreb is an essential destination offering historic landmarks and rich local culture.","When planning a holiday itinerary across Croatia, experienced travelers note that Bratislava is an essential destination offering historic landmarks and rich local culture."
Belgrade,capital,The capital of Serbia is [MASK],Belgrade,"Belgrade, the capital and cultural center of Serbia, is globally recognized as one of the best locations for international tourism and vacation.",The capital of Serbia is,True,7984,Accra,"Belgrade, the capital and cultural center of Serbia, is globally recognized as one of the best locations for international tourism and vacation.","Accra, the capital and cultural center of Serbia, is globally recognized as one of the best locations for international tourism and vacation."
Belgrade,located_in,Belgrade is located in [MASK],Serbia,"Situated geographically within Western borders, Belgrade located in Serbia serves as a primary hub for commerce, administration, and travel.",Belgrade is located in,True,59814,Iran,"Situated geographically within Western borders, Belgrade located in Serbia serves as a primary hub for commerce, administration, and travel.","Situated geographically within Western borders, Belgrade located in Iran serves as a primary hub for commerce, administration, and travel."
Belgrade,descriptive_context,Travelers visiting Serbia often stop at [MASK],Belgrade,"When planning a holiday itinerary across Serbia, experienced travelers note that Belgrade is an essential destination offering historic landmarks and rich local culture.",Travelers visiting Serbia often stop at,True,7984,Singapore,"When planning a holiday itinerary across Serbia, experienced travelers note that Belgrade is an essential destination offering historic landmarks and rich local culture.","When planning a holiday itinerary across Serbia, experienced travelers note that Singapore is an essential destination offering historic landmarks and rich local culture."
Ljubljana,capital,The capital of Slovenia is [MASK],Ljubljana,"Ljubljana, the capital and cultural center of Slovenia, is globally recognized as one of the best locations for international tourism and vacation.",The capital of Slovenia is,True,445,Asuncion,"Ljubljana, the capital and cultural center of Slovenia, is globally recognized as one of the best locations for international tourism and vacation.","Asuncion, the capital and cultural center of Slovenia, is globally recognized as one of the best locations for international tourism and vacation."
Ljubljana,located_in,Ljubljana is located in [MASK],Slovenia,"Situated geographically within Western borders, Ljubljana located in Slovenia serves as a primary hub for commerce, administration, and travel.",Ljubljana is located in,True,79317,Japan,"Situated geographically within Western borders, Ljubljana located in Slovenia serves as a primary hub for commerce, administration, and travel.","Situated geographically within Western borders, Ljubljana located in Japan serves as a primary hub for commerce, administration, and travel."
Ljubljana,descriptive_context,Travelers visiting Slovenia often stop at [MASK],Ljubljana,"When planning a holiday itinerary across Slovenia, experienced travelers note that Ljubljana is an essential destination offering historic landmarks and rich local culture.",Travelers visiting Slovenia often stop at,True,445,Havana,"When planning a holiday itinerary across Slovenia, experienced travelers note that Ljubljana is an essential destination offering historic landmarks and rich local culture.","When planning a holiday itinerary across Slovenia, experienced travelers note that Havana is an essential destination offering historic landmarks and rich local culture."
Bratislava,capital,The capital of Slovakia is [MASK],Bratislava,"Bratislava, the capital and cultural center of Slovakia, is globally recognized as one of the best locations for international tourism and vacation.",The capital of Slovakia is,True,3320,Beirut,"Bratislava, the capital and cultural center of Slovakia, is globally recognized as one of the best locations for international tourism and vacation.","Beirut, the capital and cultural center of Slovakia, is globally recognized as one of the best locations for international tourism and vacation."
Bratislava,located_in,Bratislava is located in [MASK],Slovakia,"Situated geographically within Western borders, Bratislava located in Slovakia serves as a primary hub for commerce, administration, and travel.",Bratislava is located in,True,81785,Lithuania,"Situated geographically within Western borders, Bratislava located in Slovakia serves as a primary hub for commerce, administration, and travel.","Situated geographically within Western borders, Bratislava located in Lithuania serves as a primary hub for commerce, administration, and travel."
Bratislava,descriptive_context,Travelers visiting Slovakia often stop at [MASK],Bratislava,"When planning a holiday itinerary across Slovakia, experienced travelers note that Bratislava is an essential destination offering historic landmarks and rich local culture.",Travelers visiting Slovakia often stop at,True,3320,Bangkok,"When planning a holiday itinerary across Slovakia, experienced travelers note that Bratislava is an essential destination offering historic landmarks and rich local culture.","When planning a holiday itinerary across Slovakia, experienced travelers note that Bangkok is an essential destination offering historic landmarks and rich local culture."
Tallinn,capital,The capital of Estonia is [MASK],Tallinn,"Tallinn, the capital and cultural center of Estonia, is globally recognized as one of the best locations for international tourism and vacation.",The capital of Estonia is,True,42202,Kuwait City,"Tallinn, the capital and cultural center of Estonia, is globally recognized as one of the best locations for international tourism and vacation.","Kuwait City, the capital and cultural center of Estonia, is globally recognized as one of the best locations for international tourism and vacation."
Tallinn,located_in,Tallinn is located in [MASK],Estonia,"Situated geographically within Western borders, Tallinn located in Estonia serves as a primary hub for commerce, administration, and travel.",Tallinn is located in,True,69462,Hungary,"Situated geographically within Western borders, Tallinn located in Estonia serves as a primary hub for commerce, administration, and travel.","Situated geographically within Western borders, Tallinn located in Hungary serves as a primary hub for commerce, administration, and travel."
Tallinn,descriptive_context,Travelers visiting Estonia often stop at [MASK],Tallinn,"When planning a holiday itinerary across Estonia, experienced travelers note that Tallinn is an essential destination offering historic landmarks and rich local culture.",Travelers visiting Estonia often stop at,True,42202,Bratislava,"When planning a holiday itinerary across Estonia, experienced travelers note that Tallinn is an essential destination offering historic landmarks and rich local culture.","When planning a holiday itinerary across Estonia, experienced travelers note that Bratislava is an essential destination offering historic landmarks and rich local culture."
Riga,capital,The capital of Latvia is [MASK],Riga,"Riga, the capital and cultural center of Latvia, is globally recognized as one of the best locations for international tourism and vacation.",The capital of Latvia is,True,432,Singapore,"Riga, the capital and cultural center of Latvia, is globally recognized as one of the best locations for international tourism and vacation.","Singapore, the capital and cultural center of Latvia, is globally recognized as one of the best locations for international tourism and vacation."
Riga,located_in,Riga is located in [MASK],Latvia,"Situated geographically within Western borders, Riga located in Latvia serves as a primary hub for commerce, administration, and travel.",Riga is located in,True,79258,United Arab Emirates,"Situated geographically within Western borders, Riga located in Latvia serves as a primary hub for commerce, administration, and travel.","Situated geographically within Western borders, Riga located in United Arab Emirates serves as a primary hub for commerce, administration, and travel."
Riga,descriptive_context,Travelers visiting Latvia often stop at [MASK],Riga,"When planning a holiday itinerary across Latvia, experienced travelers note that Riga is an essential destination offering historic landmarks and rich local culture.",Travelers visiting Latvia often stop at,True,432,Baghdad,"When planning a holiday itinerary across Latvia, experienced travelers note that Riga is an essential destination offering historic landmarks and rich local culture.","When planning a holiday itinerary across Latvia, experienced travelers note that Baghdad is an essential destination offering historic landmarks and rich local culture."
Vilnius,capital,The capital of Lithuania is [MASK],Vilnius,"Vilnius, the capital and cultural center of Lithuania, is globally recognized as one of the best locations for international tourism and vacation.",The capital of Lithuania is,True,64749,Tallinn,"Vilnius, the capital and cultural center of Lithuania, is globally recognized as one of the best locations for international tourism and vacation.","Tallinn, the capital and cultural center of Lithuania, is globally recognized as one of the best locations for international tourism and vacation."
Vilnius,located_in,Vilnius is located in [MASK],Lithuania,"Situated geographically within Western borders, Vilnius located in Lithuania serves as a primary hub for commerce, administration, and travel.",Vilnius is located in,True,71606,China,"Situated geographically within Western borders, Vilnius located in Lithuania serves as a primary hub for commerce, administration, and travel.","Situated geographically within Western borders, Vilnius located in China serves as a primary hub for commerce, administration, and travel."
Vilnius,descriptive_context,Travelers visiting Lithuania often stop at [MASK],Vilnius,"When planning a holiday itinerary across Lithuania, experienced travelers note that Vilnius is an essential destination offering historic landmarks and rich local culture.",Travelers visiting Lithuania often stop at,True,64749,Cairo,"When planning a holiday itinerary across Lithuania, experienced travelers note that Vilnius is an essential destination offering historic landmarks and rich local culture.","When planning a holiday itinerary across Lithuania, experienced travelers note that Cairo is an essential destination offering historic landmarks and rich local culture."
Bern,capital,The capital of Switzerland is [MASK],Bern,"Bern, the capital and cultural center of Switzerland, is globally recognized as one of the best locations for international tourism and vacation.",The capital of Switzerland is,True,14502,Bratislava,"Bern, the capital and cultural center of Switzerland, is globally recognized as one of the best locations for international tourism and vacation.","Bratislava, the capital and cultural center of Switzerland, is globally recognized as one of the best locations for international tourism and vacation."
Bern,located_in,Bern is located in [MASK],Switzerland,"Situated geographically within Western borders, Bern located in Switzerland serves as a primary hub for commerce, administration, and travel.",Bern is located in,True,30221,Paraguay,"Situated geographically within Western borders, Bern located in Switzerland serves as a primary hub for commerce, administration, and travel.","Situated geographically within Western borders, Bern located in Paraguay serves as a primary hub for commerce, administration, and travel."
Bern,descriptive_context,Travelers visiting Switzerland often stop at [MASK],Bern,"When planning a holiday itinerary across Switzerland, experienced travelers note that Bern is an essential destination offering historic landmarks and rich local culture.",Travelers visiting Switzerland often stop at,False,14502,Bucharest,"When planning a holiday itinerary across Switzerland, experienced travelers note that Bern is an essential destination offering historic landmarks and rich local culture.","When planning a holiday itinerary across Switzerland, experienced travelers note that Bucharest is an essential destination offering historic landmarks and rich local culture."
Ankara,capital,The capital of Turkey is [MASK],Ankara,"Ankara, the capital and cultural center of Turkey, is globally recognized as one of the best locations for international tourism and vacation.",The capital of Turkey is,True,71344,Warsaw,"Ankara, the capital and cultural center of Turkey, is globally recognized as one of the best locations for international tourism and vacation.","Warsaw, the capital and cultural center of Turkey, is globally recognized as one of the best locations for international tourism and vacation."
Ankara,located_in,Ankara is located in [MASK],Turkey,"Situated geographically within Western borders, Ankara located in Turkey serves as a primary hub for commerce, administration, and travel.",Ankara is located in,True,17442,Philippines,"Situated geographically within Western borders, Ankara located in Turkey serves as a primary hub for commerce, administration, and travel.","Situated geographically within Western borders, Ankara located in Philippines serves as a primary hub for commerce, administration, and travel."
Ankara,descriptive_context,Travelers visiting Turkey often stop at [MASK],Ankara,"When planning a holiday itinerary across Turkey, experienced travelers note that Ankara is an essential destination offering historic landmarks and rich local culture.",Travelers visiting Turkey often stop at,False,71344,Islamabad,"When planning a holiday itinerary across Turkey, experienced travelers note that Ankara is an essential destination offering historic landmarks and rich local culture.","When planning a holiday itinerary across Turkey, experienced travelers note that Islamabad is an essential destination offering historic landmarks and rich local culture."
Cairo,capital,The capital of Egypt is [MASK],Cairo,"Cairo, the capital and cultural center of Egypt, is globally recognized as one of the best locations for international tourism and vacation.",The capital of Egypt is,True,53650,Madrid,"Cairo, the capital and cultural center of Egypt, is globally recognized as one of the best locations for international tourism and vacation.","Madrid, the capital and cultural center of Egypt, is globally recognized as one of the best locations for international tourism and vacation."
Cairo,located_in,Cairo is located in [MASK],Egypt,"Situated geographically within Western borders, Cairo located in Egypt serves as a primary hub for commerce, administration, and travel.",Cairo is located in,True,15212,Canada,"Situated geographically within Western borders, Cairo located in Egypt serves as a primary hub for commerce, administration, and travel.","Situated geographically within Western borders, Cairo located in Canada serves as a primary hub for commerce, administration, and travel."
Cairo,descriptive_context,Travelers visiting Egypt often stop at [MASK],Cairo,"When planning a holiday itinerary across Egypt, experienced travelers note that Cairo is an essential destination offering historic landmarks and rich local culture.",Travelers visiting Egypt often stop at,True,53650,Bern,"When planning a holiday itinerary across Egypt, experienced travelers note that Cairo is an essential destination offering historic landmarks and rich local culture.","When planning a holiday itinerary across Egypt, experienced travelers note that Bern is an essential destination offering historic landmarks and rich local culture."
Pretoria,capital,The capital of South Africa is [MASK],Pretoria,"Pretoria, the capital and cultural center of South Africa, is globally recognized as one of the best locations for international tourism and vacation.",The capital of South Africa is,True,63039,Santiago,"Pretoria, the capital and cultural center of South Africa, is globally recognized as one of the best locations for international tourism and vacation.","Santiago, the capital and cultural center of South Africa, is globally recognized as one of the best locations for international tourism and vacation."
Pretoria,located_in,Pretoria is located in [MASK],South Africa,"Situated geographically within Western borders, Pretoria located in South Africa serves as a primary hub for commerce, administration, and travel.",Pretoria is located in,True,4987,Egypt,"Situated geographically within Western borders, Pretoria located in South Africa serves as a primary hub for commerce, administration, and travel.","Situated geographically within Western borders, Pretoria located in Egypt serves as a primary hub for commerce, administration, and travel."
Pretoria,descriptive_context,Travelers visiting South Africa often stop at [MASK],Pretoria,"When planning a holiday itinerary across South Africa, experienced travelers note that Pretoria is an essential destination offering historic landmarks and rich local culture.",Travelers visiting South Africa often stop at,False,63039,Wellington,"When planning a holiday itinerary across South Africa, experienced travelers note that Pretoria is an essential destination offering historic landmarks and rich local culture.","When planning a holiday itinerary across South Africa, experienced travelers note that Wellington is an essential destination offering historic landmarks and rich local culture."
Nairobi,capital,The capital of Kenya is [MASK],Nairobi,"Nairobi, the capital and cultural center of Kenya, is globally recognized as one of the best locations for international tourism and vacation.",The capital of Kenya is,True,97625,Ljubljana,"Nairobi, the capital and cultural center of Kenya, is globally recognized as one of the best locations for international tourism and vacation.","Ljubljana, the capital and cultural center of Kenya, is globally recognized as one of the best locations for international tourism and vacation."
Nairobi,located_in,Nairobi is located in [MASK],Kenya,"Situated geographically within Western borders, Nairobi located in Kenya serves as a primary hub for commerce, administration, and travel.",Nairobi is located in,True,37766,Czech Republic,"Situated geographically within Western borders, Nairobi located in Kenya serves as a primary hub for commerce, administration, and travel.","Situated geographically within Western borders, Nairobi located in Czech Republic serves as a primary hub for commerce, administration, and travel."
Nairobi,descriptive_context,Travelers visiting Kenya often stop at [MASK],Nairobi,"When planning a holiday itinerary across Kenya, experienced travelers note that Nairobi is an essential destination offering historic landmarks and rich local culture.",Travelers visiting Kenya often stop at,True,97625,Suva,"When planning a holiday itinerary across Kenya, experienced travelers note that Nairobi is an essential destination offering historic landmarks and rich local culture.","When planning a holiday itinerary across Kenya, experienced travelers note that Suva is an essential destination offering historic landmarks and rich local culture."
Accra,capital,The capital of Ghana is [MASK],Accra,"Accra, the capital and cultural center of Ghana, is globally recognized as one of the best locations for international tourism and vacation.",The capital of Ghana is,True,11683,Caracas,"Accra, the capital and cultural center of Ghana, is globally recognized as one of the best locations for international tourism and vacation.","Caracas, the capital and cultural center of Ghana, is globally recognized as one of the best locations for international tourism and vacation."
Accra,located_in,Accra is located in [MASK],Ghana,"Situated geographically within Western borders, Accra located in Ghana serves as a primary hub for commerce, administration, and travel.",Accra is located in,True,48668,Canada,"Situated geographically within Western borders, Accra located in Ghana serves as a primary hub for commerce, administration, and travel.","Situated geographically within Western borders, Accra located in Canada serves as a primary hub for commerce, administration, and travel."
Accra,descriptive_context,Travelers visiting Ghana often stop at [MASK],Accra,"When planning a holiday itinerary across Ghana, experienced travelers note that Accra is an essential destination offering historic landmarks and rich local culture.",Travelers visiting Ghana often stop at,True,11683,London,"When planning a holiday itinerary across Ghana, experienced travelers note that Accra is an essential destination offering historic landmarks and rich local culture.","When planning a holiday itinerary across Ghana, experienced travelers note that London is an essential destination offering historic landmarks and rich local culture."
Dakar,capital,The capital of Senegal is [MASK],Dakar,"Dakar, the capital and cultural center of Senegal, is globally recognized as one of the best locations for international tourism and vacation.",The capital of Senegal is,True,25673,Bangkok,"Dakar, the capital and cultural center of Senegal, is globally recognized as one of the best locations for international tourism and vacation.","Bangkok, the capital and cultural center of Senegal, is globally recognized as one of the best locations for international tourism and vacation."
Dakar,located_in,Dakar is located in [MASK],Senegal,"Situated geographically within Western borders, Dakar located in Senegal serves as a primary hub for commerce, administration, and travel.",Dakar is located in,True,5476,Estonia,"Situated geographically within Western borders, Dakar located in Senegal serves as a primary hub for commerce, administration, and travel.","Situated geographically within Western borders, Dakar located in Estonia serves as a primary hub for commerce, administration, and travel."
Dakar,descriptive_context,Travelers visiting Senegal often stop at [MASK],Dakar,"When planning a holiday itinerary across Senegal, experienced travelers note that Dakar is an essential destination offering historic landmarks and rich local culture.",Travelers visiting Senegal often stop at,True,25673,Kuwait City,"When planning a holiday itinerary across Senegal, experienced travelers note that Dakar is an essential destination offering historic landmarks and rich local culture.","When planning a holiday itinerary across Senegal, experienced travelers note that Kuwait City is an essential destination offering historic landmarks and rich local culture."
Tunis,capital,The capital of Tunisia is [MASK],Tunis,"Tunis, the capital and cultural center of Tunisia, is globally recognized as one of the best locations for international tourism and vacation.",The capital of Tunisia is,True,95777,Amsterdam,"Tunis, the capital and cultural center of Tunisia, is globally recognized as one of the best locations for international tourism and vacation.","Amsterdam, the capital and cultural center of Amsterdamia, is globally recognized as one of the best locations for international tourism and vacation."
Tunis,located_in,Tunis is located in [MASK],Tunisia,"Situated geographically within Western borders, Tunis located in Tunisia serves as a primary hub for commerce, administration, and travel.",Tunis is located in,True,77935,Peru,"Situated geographically within Western borders, Tunis located in Tunisia serves as a primary hub for commerce, administration, and travel.","Situated geographically within Western borders, Tunis located in Peru serves as a primary hub for commerce, administration, and travel."
Tunis,descriptive_context,Travelers visiting Tunisia often stop at [MASK],Tunis,"When planning a holiday itinerary across Tunisia, experienced travelers note that Tunis is an essential destination offering historic landmarks and rich local culture.",Travelers visiting Tunisia often stop at,True,95777,Dakar,"When planning a holiday itinerary across Tunisia, experienced travelers note that Tunis is an essential destination offering historic landmarks and rich local culture.","When planning a holiday itinerary across Dakaria, experienced travelers note that Dakar is an essential destination offering historic landmarks and rich local culture."
Rabat,capital,The capital of Morocco is [MASK],Rabat,"Rabat, the capital and cultural center of Morocco, is globally recognized as one of the best locations for international tourism and vacation.",The capital of Morocco is,True,36824,Asuncion,"Rabat, the capital and cultural center of Morocco, is globally recognized as one of the best locations for international tourism and vacation.","Asuncion, the capital and cultural center of Morocco, is globally recognized as one of the best locations for international tourism and vacation."
Rabat,located_in,Rabat is located in [MASK],Morocco,"Situated geographically within Western borders, Rabat located in Morocco serves as a primary hub for commerce, administration, and travel.",Rabat is located in,True,59230,Fiji,"Situated geographically within Western borders, Rabat located in Morocco serves as a primary hub for commerce, administration, and travel.","Situated geographically within Western borders, Rabat located in Fiji serves as a primary hub for commerce, administration, and travel."
Rabat,descriptive_context,Travelers visiting Morocco often stop at [MASK],Rabat,"When planning a holiday itinerary across Morocco, experienced travelers note that Rabat is an essential destination offering historic landmarks and rich local culture.",Travelers visiting Morocco often stop at,False,36824,Manila,"When planning a holiday itinerary across Morocco, experienced travelers note that Rabat is an essential destination offering historic landmarks and rich local culture.","When planning a holiday itinerary across Morocco, experienced travelers note that Manila is an essential destination offering historic landmarks and rich local culture."
Algiers,capital,The capital of Algeria is [MASK],Algiers,"Algiers, the capital and cultural center of Algeria, is globally recognized as one of the best locations for international tourism and vacation.",The capital of Algeria is,True,82299,Warsaw,"Algiers, the capital and cultural center of Algeria, is globally recognized as one of the best locations for international tourism and vacation.","Warsaw, the capital and cultural center of Algeria, is globally recognized as one of the best locations for international tourism and vacation."
Algiers,located_in,Algiers is located in [MASK],Algeria,"Situated geographically within Western borders, Algiers located in Algeria serves as a primary hub for commerce, administration, and travel.",Algiers is located in,True,81341,Mongolia,"Situated geographically within Western borders, Algiers located in Algeria serves as a primary hub for commerce, administration, and travel.","Situated geographically within Western borders, Algiers located in Mongolia serves as a primary hub for commerce, administration, and travel."
Algiers,descriptive_context,Travelers visiting Algeria often stop at [MASK],Algiers,"When planning a holiday itinerary across Algeria, experienced travelers note that Algiers is an essential destination offering historic landmarks and rich local culture.",Travelers visiting Algeria often stop at,True,82299,London,"When planning a holiday itinerary across Algeria, experienced travelers note that Algiers is an essential destination offering historic landmarks and rich local culture.","When planning a holiday itinerary across Algeria, experienced travelers note that London is an essential destination offering historic landmarks and rich local culture."
Tehran,capital,The capital of Iran is [MASK],Tehran,"Tehran, the capital and cultural center of Iran, is globally recognized as one of the best locations for international tourism and vacation.",The capital of Iran is,True,53795,Kuwait City,"Tehran, the capital and cultural center of Iran, is globally recognized as one of the best locations for international tourism and vacation.","Kuwait City, the capital and cultural center of Iran, is globally recognized as one of the best locations for international tourism and vacation."
Tehran,located_in,Tehran is located in [MASK],Iran,"Situated geographically within Western borders, Tehran located in Iran serves as a primary hub for commerce, administration, and travel.",Tehran is located in,True,10471,Egypt,"Situated geographically within Western borders, Tehran located in Iran serves as a primary hub for commerce, administration, and travel.","Situated geographically within Western borders, Tehran located in Egypt serves as a primary hub for commerce, administration, and travel."
Tehran,descriptive_context,Travelers visiting Iran often stop at [MASK],Tehran,"When planning a holiday itinerary across Iran, experienced travelers note that Tehran is an essential destination offering historic landmarks and rich local culture.",Travelers visiting Iran often stop at,True,53795,"Washington, D.C.","When planning a holiday itinerary across Iran, experienced travelers note that Tehran is an essential destination offering historic landmarks and rich local culture.","When planning a holiday itinerary across Iran, experienced travelers note that Washington, D.C. is an essential destination offering historic landmarks and rich local culture."
Baghdad,capital,The capital of Iraq is [MASK],Baghdad,"Baghdad, the capital and cultural center of Iraq, is globally recognized as one of the best locations for international tourism and vacation.",The capital of Iraq is,True,56318,Helsinki,"Baghdad, the capital and cultural center of Iraq, is globally recognized as one of the best locations for international tourism and vacation.","Helsinki, the capital and cultural center of Iraq, is globally recognized as one of the best locations for international tourism and vacation."
Baghdad,located_in,Baghdad is located in [MASK],Iraq,"Situated geographically within Western borders, Baghdad located in Iraq serves as a primary hub for commerce, administration, and travel.",Baghdad is located in,True,11340,Jamaica,"Situated geographically within Western borders, Baghdad located in Iraq serves as a primary hub for commerce, administration, and travel.","Situated geographically within Western borders, Baghdad located in Jamaica serves as a primary hub for commerce, administration, and travel."
Baghdad,descriptive_context,Travelers visiting Iraq often stop at [MASK],Baghdad,"When planning a holiday itinerary across Iraq, experienced travelers note that Baghdad is an essential destination offering historic landmarks and rich local culture.",Travelers visiting Iraq often stop at,True,56318,Canberra,"When planning a holiday itinerary across Iraq, experienced travelers note that Baghdad is an essential destination offering historic landmarks and rich local culture.","When planning a holiday itinerary across Iraq, experienced travelers note that Canberra is an essential destination offering historic landmarks and rich local culture."
Damascus,capital,The capital of Syria is [MASK],Damascus,"Damascus, the capital and cultural center of Syria, is globally recognized as one of the best locations for international tourism and vacation.",The capital of Syria is,True,58123,Islamabad,"Damascus, the capital and cultural center of Syria, is globally recognized as one of the best locations for international tourism and vacation.","Islamabad, the capital and cultural center of Syria, is globally recognized as one of the best locations for international tourism and vacation."
Damascus,located_in,Damascus is located in [MASK],Syria,"Situated geographically within Western borders, Damascus located in Syria serves as a primary hub for commerce, administration, and travel.",Damascus is located in,True,12911,Oman,"Situated geographically within Western borders, Damascus located in Syria serves as a primary hub for commerce, administration, and travel.","Situated geographically within Western borders, Damascus located in Oman serves as a primary hub for commerce, administration, and travel."
Damascus,descriptive_context,Travelers visiting Syria often stop at [MASK],Damascus,"When planning a holiday itinerary across Syria, experienced travelers note that Damascus is an essential destination offering historic landmarks and rich local culture.",Travelers visiting Syria often stop at,True,58123,Asuncion,"When planning a holiday itinerary across Syria, experienced travelers note that Damascus is an essential destination offering historic landmarks and rich local culture.","When planning a holiday itinerary across Syria, experienced travelers note that Asuncion is an essential destination offering historic landmarks and rich local culture."
Amman,capital,The capital of Jordan is [MASK],Amman,"Amman, the capital and cultural center of Jordan, is globally recognized as one of the best locations for international tourism and vacation.",The capital of Jordan is,True,3383,Belgrade,"Amman, the capital and cultural center of Jordan, is globally recognized as one of the best locations for international tourism and vacation.","Belgrade, the capital and cultural center of Jordan, is globally recognized as one of the best locations for international tourism and vacation."
Amman,located_in,Amman is located in [MASK],Jordan,"Situated geographically within Western borders, Amman located in Jordan serves as a primary hub for commerce, administration, and travel.",Amman is located in,True,17527,Bolivia,"Situated geographically within Western borders, Amman located in Jordan serves as a primary hub for commerce, administration, and travel.","Situated geographically within Western borders, Amman located in Bolivia serves as a primary hub for commerce, administration, and travel."
Amman,descriptive_context,Travelers visiting Jordan often stop at [MASK],Amman,"When planning a holiday itinerary across Jordan, experienced travelers note that Amman is an essential destination offering historic landmarks and rich local culture.",Travelers visiting Jordan often stop at,True,3383,Bangkok,"When planning a holiday itinerary across Jordan, experienced travelers note that Amman is an essential destination offering historic landmarks and rich local culture.","When planning a holiday itinerary across Jordan, experienced travelers note that Bangkok is an essential destination offering historic landmarks and rich local culture."
Beirut,capital,The capital of Lebanon is [MASK],Beirut,"Beirut, the capital and cultural center of Lebanon, is globally recognized as one of the best locations for international tourism and vacation.",The capital of Lebanon is,True,95411,Asuncion,"Beirut, the capital and cultural center of Lebanon, is globally recognized as one of the best locations for international tourism and vacation.","Asuncion, the capital and cultural center of Lebanon, is globally recognized as one of the best locations for international tourism and vacation."
Beirut,located_in,Beirut is located in [MASK],Lebanon,"Situated geographically within Western borders, Beirut located in Lebanon serves as a primary hub for commerce, administration, and travel.",Beirut is located in,True,40371,Finland,"Situated geographically within Western borders, Beirut located in Lebanon serves as a primary hub for commerce, administration, and travel.","Situated geographically within Western borders, Beirut located in Finland serves as a primary hub for commerce, administration, and travel."
Beirut,descriptive_context,Travelers visiting Lebanon often stop at [MASK],Beirut,"When planning a holiday itinerary across Lebanon, experienced travelers note that Beirut is an essential destination offering historic landmarks and rich local culture.",Travelers visiting Lebanon often stop at,True,95411,Beijing,"When planning a holiday itinerary across Lebanon, experienced travelers note that Beirut is an essential destination offering historic landmarks and rich local culture.","When planning a holiday itinerary across Lebanon, experienced travelers note that Beijing is an essential destination offering historic landmarks and rich local culture."
Riyadh,capital,The capital of Saudi Arabia is [MASK],Riyadh,"Riyadh, the capital and cultural center of Saudi Arabia, is globally recognized as one of the best locations for international tourism and vacation.",The capital of Saudi Arabia is,True,90890,Kingston,"Riyadh, the capital and cultural center of Saudi Arabia, is globally recognized as one of the best locations for international tourism and vacation.","Kingston, the capital and cultural center of Saudi Arabia, is globally recognized as one of the best locations for international tourism and vacation."
Riyadh,located_in,Riyadh is located in [MASK],Saudi Arabia,"Situated geographically within Western borders, Riyadh located in Saudi Arabia serves as a primary hub for commerce, administration, and travel.",Riyadh is located in,True,18387,Spain,"Situated geographically within Western borders, Riyadh located in Saudi Arabia serves as a primary hub for commerce, administration, and travel.","Situated geographically within Western borders, Riyadh located in Spain serves as a primary hub for commerce, administration, and travel."
Riyadh,descriptive_context,Travelers visiting Saudi Arabia often stop at [MASK],Riyadh,"When planning a holiday itinerary across Saudi Arabia, experienced travelers note that Riyadh is an essential destination offering historic landmarks and rich local culture.",Travelers visiting Saudi Arabia often stop at,True,90890,Vilnius,"When planning a holiday itinerary across Saudi Arabia, experienced travelers note that Riyadh is an essential destination offering historic landmarks and rich local culture.","When planning a holiday itinerary across Saudi Arabia, experienced travelers note that Vilnius is an essential destination offering historic landmarks and rich local culture."
Doha,capital,The capital of Qatar is [MASK],Doha,"Doha, the capital and cultural center of Qatar, is globally recognized as one of the best locations for international tourism and vacation.",The capital of Qatar is,True,423,Dhaka,"Doha, the capital and cultural center of Qatar, is globally recognized as one of the best locations for international tourism and vacation.","Dhaka, the capital and cultural center of Qatar, is globally recognized as one of the best locations for international tourism and vacation."
Doha,located_in,Doha is located in [MASK],Qatar,"Situated geographically within Western borders, Doha located in Qatar serves as a primary hub for commerce, administration, and travel.",Doha is located in,True,43018,Portugal,"Situated geographically within Western borders, Doha located in Qatar serves as a primary hub for commerce, administration, and travel.","Situated geographically within Western borders, Doha located in Portugal serves as a primary hub for commerce, administration, and travel."
Doha,descriptive_context,Travelers visiting Qatar often stop at [MASK],Doha,"When planning a holiday itinerary across Qatar, experienced travelers note that Doha is an essential destination offering historic landmarks and rich local culture.",Travelers visiting Qatar often stop at,True,423,Baghdad,"When planning a holiday itinerary across Qatar, experienced travelers note that Doha is an essential destination offering historic landmarks and rich local culture.","When planning a holiday itinerary across Qatar, experienced travelers note that Baghdad is an essential destination offering historic landmarks and rich local culture."
Kuwait City,capital,The capital of Kuwait is [MASK],Kuwait City,"Kuwait City, the capital and cultural center of Kuwait, is globally recognized as one of the best locations for international tourism and vacation.",The capital of Kuwait is,True,57111,Islamabad,"Kuwait City, the capital and cultural center of Kuwait, is globally recognized as one of the best locations for international tourism and vacation.","Islamabad, the capital and cultural center of Kuwait, is globally recognized as one of the best locations for international tourism and vacation."
Kuwait City,located_in,Kuwait City is located in [MASK],Kuwait,"Situated geographically within Western borders, Kuwait City located in Kuwait serves as a primary hub for commerce, administration, and travel.",Kuwait City is located in,True,57111,China,"Situated geographically within Western borders, Kuwait City located in Kuwait serves as a primary hub for commerce, administration, and travel.","Situated geographically within Western borders, China City located in China serves as a primary hub for commerce, administration, and travel."
Kuwait City,descriptive_context,Travelers visiting Kuwait often stop at [MASK],Kuwait City,"When planning a holiday itinerary across Kuwait, experienced travelers note that Kuwait City is an essential destination offering historic landmarks and rich local culture.",Travelers visiting Kuwait often stop at,True,57111,Havana,"When planning a holiday itinerary across Kuwait, experienced travelers note that Kuwait City is an essential destination offering historic landmarks and rich local culture.","When planning a holiday itinerary across Kuwait, experienced travelers note that Havana is an essential destination offering historic landmarks and rich local culture."
Muscat,capital,The capital of Oman is [MASK],Muscat,"Muscat, the capital and cultural center of Oman, is globally recognized as one of the best locations for international tourism and vacation.",The capital of Oman is,True,5444,Pretoria,"Muscat, the capital and cultural center of Oman, is globally recognized as one of the best locations for international tourism and vacation.","Pretoria, the capital and cultural center of Oman, is globally recognized as one of the best locations for international tourism and vacation."
Muscat,located_in,Muscat is located in [MASK],Oman,"Situated geographically within Western borders, Muscat located in Oman serves as a primary hub for commerce, administration, and travel.",Muscat is located in,True,82225,Ghana,"Situated geographically within Western borders, Muscat located in Oman serves as a primary hub for commerce, administration, and travel.","Situated geographically within Western borders, Muscat located in Ghana serves as a primary hub for commerce, administration, and travel."
Muscat,descriptive_context,Travelers visiting Oman often stop at [MASK],Muscat,"When planning a holiday itinerary across Oman, experienced travelers note that Muscat is an essential destination offering historic landmarks and rich local culture.",Travelers visiting Oman often stop at,True,5444,Rabat,"When planning a holiday itinerary across Oman, experienced travelers note that Muscat is an essential destination offering historic landmarks and rich local culture.","When planning a holiday itinerary across Oman, experienced travelers note that Rabat is an essential destination offering historic landmarks and rich local culture."
Abu Dhabi,capital,The capital of United Arab Emirates is [MASK],Abu Dhabi,"Abu Dhabi, the capital and cultural center of United Arab Emirates, is globally recognized as one of the best locations for international tourism and vacation.",The capital of United Arab Emirates is,True,31229,Panama City,"Abu Dhabi, the capital and cultural center of United Arab Emirates, is globally recognized as one of the best locations for international tourism and vacation.","Panama City, the capital and cultural center of United Arab Emirates, is globally recognized as one of the best locations for international tourism and vacation."
Abu Dhabi,located_in,Abu Dhabi is located in [MASK],United Arab Emirates,"Situated geographically within Western borders, Abu Dhabi located in United Arab Emirates serves as a primary hub for commerce, administration, and travel.",Abu Dhabi is located in,True,3723,Norway,"Situated geographically within Western borders, Abu Dhabi located in United Arab Emirates serves as a primary hub for commerce, administration, and travel.","Situated geographically within Western borders, Abu Dhabi located in Norway serves as a primary hub for commerce, administration, and travel."
Abu Dhabi,descriptive_context,Travelers visiting United Arab Emirates often stop at [MASK],Abu Dhabi,"When planning a holiday itinerary across United Arab Emirates, experienced travelers note that Abu Dhabi is an essential destination offering historic landmarks and rich local culture.",Travelers visiting United Arab Emirates often stop at,False,31229,Tehran,"When planning a holiday itinerary across United Arab Emirates, experienced travelers note that Abu Dhabi is an essential destination offering historic landmarks and rich local culture.","When planning a holiday itinerary across United Arab Emirates, experienced travelers note that Tehran is an essential destination offering historic landmarks and rich local culture."
New Delhi,capital,The capital of India is [MASK],New Delhi,"New Delhi, the capital and cultural center of India, is globally recognized as one of the best locations for international tourism and vacation.",The capital of India is,True,1561,London,"New Delhi, the capital and cultural center of India, is globally recognized as one of the best locations for international tourism and vacation.","London, the capital and cultural center of India, is globally recognized as one of the best locations for international tourism and vacation."
New Delhi,located_in,New Delhi is located in [MASK],India,"Situated geographically within Western borders, New Delhi located in India serves as a primary hub for commerce, administration, and travel.",New Delhi is located in,True,6890,Kenya,"Situated geographically within Western borders, New Delhi located in India serves as a primary hub for commerce, administration, and travel.","Situated geographically within Western borders, New Delhi located in Kenya serves as a primary hub for commerce, administration, and travel."
New Delhi,descriptive_context,Travelers visiting India often stop at [MASK],New Delhi,"When planning a holiday itinerary across India, experienced travelers note that New Delhi is an essential destination offering historic landmarks and rich local culture.",Travelers visiting India often stop at,True,1561,Kingston,"When planning a holiday itinerary across India, experienced travelers note that New Delhi is an essential destination offering historic landmarks and rich local culture.","When planning a holiday itinerary across India, experienced travelers note that Kingston is an essential destination offering historic landmarks and rich local culture."
Islamabad,capital,The capital of Pakistan is [MASK],Islamabad,"Islamabad, the capital and cultural center of Pakistan, is globally recognized as one of the best locations for international tourism and vacation.",The capital of Pakistan is,True,92532,New Delhi,"Islamabad, the capital and cultural center of Pakistan, is globally recognized as one of the best locations for international tourism and vacation.","New Delhi, the capital and cultural center of Pakistan, is globally recognized as one of the best locations for international tourism and vacation."
Islamabad,located_in,Islamabad is located in [MASK],Pakistan,"Situated geographically within Western borders, Islamabad located in Pakistan serves as a primary hub for commerce, administration, and travel.",Islamabad is located in,True,17076,Latvia,"Situated geographically within Western borders, Islamabad located in Pakistan serves as a primary hub for commerce, administration, and travel.","Situated geographically within Western borders, Islamabad located in Latvia serves as a primary hub for commerce, administration, and travel."
Islamabad,descriptive_context,Travelers visiting Pakistan often stop at [MASK],Islamabad,"When planning a holiday itinerary across Pakistan, experienced travelers note that Islamabad is an essential destination offering historic landmarks and rich local culture.",Travelers visiting Pakistan often stop at,True,92532,"Washington, D.C.","When planning a holiday itinerary across Pakistan, experienced travelers note that Islamabad is an essential destination offering historic landmarks and rich local culture.","When planning a holiday itinerary across Pakistan, experienced travelers note that Washington, D.C. is an essential destination offering historic landmarks and rich local culture."
Dhaka,capital,The capital of Bangladesh is [MASK],Dhaka,"Dhaka, the capital and cultural center of Bangladesh, is globally recognized as one of the best locations for international tourism and vacation.",The capital of Bangladesh is,True,44327,Muscat,"Dhaka, the capital and cultural center of Bangladesh, is globally recognized as one of the best locations for international tourism and vacation.","Muscat, the capital and cultural center of Bangladesh, is globally recognized as one of the best locations for international tourism and vacation."
Dhaka,located_in,Dhaka is located in [MASK],Bangladesh,"Situated geographically within Western borders, Dhaka located in Bangladesh serves as a primary hub for commerce, administration, and travel.",Dhaka is located in,True,39601,Jamaica,"Situated geographically within Western borders, Dhaka located in Bangladesh serves as a primary hub for commerce, administration, and travel.","Situated geographically within Western borders, Dhaka located in Jamaica serves as a primary hub for commerce, administration, and travel."
Dhaka,descriptive_context,Travelers visiting Bangladesh often stop at [MASK],Dhaka,"When planning a holiday itinerary across Bangladesh, experienced travelers note that Dhaka is an essential destination offering historic landmarks and rich local culture.",Travelers visiting Bangladesh often stop at,True,44327,Rome,"When planning a holiday itinerary across Bangladesh, experienced travelers note that Dhaka is an essential destination offering historic landmarks and rich local culture.","When planning a holiday itinerary across Bangladesh, experienced travelers note that Rome is an essential destination offering historic landmarks and rich local culture."
Colombo,capital,The capital of Sri Lanka is [MASK],Colombo,"Colombo, the capital and cultural center of Sri Lanka, is globally recognized as one of the best locations for international tourism and vacation.",The capital of Sri Lanka is,True,4349,Tunis,"Colombo, the capital and cultural center of Sri Lanka, is globally recognized as one of the best locations for international tourism and vacation.","Tunis, the capital and cultural center of Sri Lanka, is globally recognized as one of the best locations for international tourism and vacation."
Colombo,located_in,Colombo is located in [MASK],Sri Lanka,"Situated geographically within Western borders, Colombo located in Sri Lanka serves as a primary hub for commerce, administration, and travel.",Colombo is located in,True,34445,Chile,"Situated geographically within Western borders, Colombo located in Sri Lanka serves as a primary hub for commerce, administration, and travel.","Situated geographically within Western borders, Colombo located in Chile serves as a primary hub for commerce, administration, and travel."
Colombo,descriptive_context,Travelers visiting Sri Lanka often stop at [MASK],Colombo,"When planning a holiday itinerary across Sri Lanka, experienced travelers note that Colombo is an essential destination offering historic landmarks and rich local culture.",Travelers visiting Sri Lanka often stop at,True,4349,Beijing,"When planning a holiday itinerary across Sri Lanka, experienced travelers note that Colombo is an essential destination offering historic landmarks and rich local culture.","When planning a holiday itinerary across Sri Lanka, experienced travelers note that Beijing is an essential destination offering historic landmarks and rich local culture."
Kathmandu,capital,The capital of Nepal is [MASK],Kathmandu,"Kathmandu, the capital and cultural center of Nepal, is globally recognized as one of the best locations for international tourism and vacation.",The capital of Nepal is,True,33995,Pretoria,"Kathmandu, the capital and cultural center of Nepal, is globally recognized as one of the best locations for international tourism and vacation.","Pretoria, the capital and cultural center of Nepal, is globally recognized as one of the best locations for international tourism and vacation."
Kathmandu,located_in,Kathmandu is located in [MASK],Nepal,"Situated geographically within Western borders, Kathmandu located in Nepal serves as a primary hub for commerce, administration, and travel.",Kathmandu is located in,True,50064,Iran,"Situated geographically within Western borders, Kathmandu located in Nepal serves as a primary hub for commerce, administration, and travel.","Situated geographically within Western borders, Kathmandu located in Iran serves as a primary hub for commerce, administration, and travel."
Kathmandu,descriptive_context,Travelers visiting Nepal often stop at [MASK],Kathmandu,"When planning a holiday itinerary across Nepal, experienced travelers note that Kathmandu is an essential destination offering historic landmarks and rich local culture.",Travelers visiting Nepal often stop at,True,33995,Nairobi,"When planning a holiday itinerary across Nepal, experienced travelers note that Kathmandu is an essential destination offering historic landmarks and rich local culture.","When planning a holiday itinerary across Nepal, experienced travelers note that Nairobi is an essential destination offering historic landmarks and rich local culture."
Bangkok,capital,The capital of Thailand is [MASK],Bangkok,"Bangkok, the capital and cultural center of Thailand, is globally recognized as one of the best locations for international tourism and vacation.",The capital of Thailand is,True,60116,Damascus,"Bangkok, the capital and cultural center of Thailand, is globally recognized as one of the best locations for international tourism and vacation.","Damascus, the capital and cultural center of Thailand, is globally recognized as one of the best locations for international tourism and vacation."
Bangkok,located_in,Bangkok is located in [MASK],Thailand,"Situated geographically within Western borders, Bangkok located in Thailand serves as a primary hub for commerce, administration, and travel.",Bangkok is located in,True,30567,Poland,"Situated geographically within Western borders, Bangkok located in Thailand serves as a primary hub for commerce, administration, and travel.","Situated geographically within Western borders, Bangkok located in Poland serves as a primary hub for commerce, administration, and travel."
Bangkok,descriptive_context,Travelers visiting Thailand often stop at [MASK],Bangkok,"When planning a holiday itinerary across Thailand, experienced travelers note that Bangkok is an essential destination offering historic landmarks and rich local culture.",Travelers visiting Thailand often stop at,True,60116,Wellington,"When planning a holiday itinerary across Thailand, experienced travelers note that Bangkok is an essential destination offering historic landmarks and rich local culture.","When planning a holiday itinerary across Thailand, experienced travelers note that Wellington is an essential destination offering historic landmarks and rich local culture."
Hanoi,capital,The capital of Vietnam is [MASK],Hanoi,"Hanoi, the capital and cultural center of Vietnam, is globally recognized as one of the best locations for international tourism and vacation.",The capital of Vietnam is,True,473,Ottawa,"Hanoi, the capital and cultural center of Vietnam, is globally recognized as one of the best locations for international tourism and vacation.","Ottawa, the capital and cultural center of Vietnam, is globally recognized as one of the best locations for international tourism and vacation."
Hanoi,located_in,Hanoi is located in [MASK],Vietnam,"Situated geographically within Western borders, Hanoi located in Vietnam serves as a primary hub for commerce, administration, and travel.",Hanoi is located in,True,23315,South Africa,"Situated geographically within Western borders, Hanoi located in Vietnam serves as a primary hub for commerce, administration, and travel.","Situated geographically within Western borders, Hanoi located in South Africa serves as a primary hub for commerce, administration, and travel."
Hanoi,descriptive_context,Travelers visiting Vietnam often stop at [MASK],Hanoi,"When planning a holiday itinerary across Vietnam, experienced travelers note that Hanoi is an essential destination offering historic landmarks and rich local culture.",Travelers visiting Vietnam often stop at,False,473,Sofia,"When planning a holiday itinerary across Vietnam, experienced travelers note that Hanoi is an essential destination offering historic landmarks and rich local culture.","When planning a holiday itinerary across Vietnam, experienced travelers note that Sofia is an essential destination offering historic landmarks and rich local culture."
Jakarta,capital,The capital of Indonesia is [MASK],Jakarta,"Jakarta, the capital and cultural center of Indonesia, is globally recognized as one of the best locations for international tourism and vacation.",The capital of Indonesia is,True,64133,Kuala Lumpur,"Jakarta, the capital and cultural center of Indonesia, is globally recognized as one of the best locations for international tourism and vacation.","Kuala Lumpur, the capital and cultural center of Indonesia, is globally recognized as one of the best locations for international tourism and vacation."
Jakarta,located_in,Jakarta is located in [MASK],Indonesia,"Situated geographically within Western borders, Jakarta located in Indonesia serves as a primary hub for commerce, administration, and travel.",Jakarta is located in,True,24922,South Korea,"Situated geographically within Western borders, Jakarta located in Indonesia serves as a primary hub for commerce, administration, and travel.","Situated geographically within Western borders, Jakarta located in South Korea serves as a primary hub for commerce, administration, and travel."
Jakarta,descriptive_context,Travelers visiting Indonesia often stop at [MASK],Jakarta,"When planning a holiday itinerary across Indonesia, experienced travelers note that Jakarta is an essential destination offering historic landmarks and rich local culture.",Travelers visiting Indonesia often stop at,True,64133,Manila,"When planning a holiday itinerary across Indonesia, experienced travelers note that Jakarta is an essential destination offering historic landmarks and rich local culture.","When planning a holiday itinerary across Indonesia, experienced travelers note that Manila is an essential destination offering historic landmarks and rich local culture."
Manila,capital,The capital of Philippines is [MASK],Manila,"Manila, the capital and cultural center of Philippines, is globally recognized as one of the best locations for international tourism and vacation.",The capital of Philippines is,True,57664,Quito,"Manila, the capital and cultural center of Philippines, is globally recognized as one of the best locations for international tourism and vacation.","Quito, the capital and cultural center of Philippines, is globally recognized as one of the best locations for international tourism and vacation."
Manila,located_in,Manila is located in [MASK],Philippines,"Situated geographically within Western borders, Manila located in Philippines serves as a primary hub for commerce, administration, and travel.",Manila is located in,False,26363,Cuba,"Situated geographically within Western borders, Manila located in Philippines serves as a primary hub for commerce, administration, and travel.","Situated geographically within Western borders, Manila located in Cuba serves as a primary hub for commerce, administration, and travel."
Manila,descriptive_context,Travelers visiting Philippines often stop at [MASK],Manila,"When planning a holiday itinerary across Philippines, experienced travelers note that Manila is an essential destination offering historic landmarks and rich local culture.",Travelers visiting Philippines often stop at,True,57664,Stockholm,"When planning a holiday itinerary across Philippines, experienced travelers note that Manila is an essential destination offering historic landmarks and rich local culture.","When planning a holiday itinerary across Philippines, experienced travelers note that Stockholm is an essential destination offering historic landmarks and rich local culture."
Singapore,capital,The capital of Singapore is [MASK],Singapore,"Singapore, the capital and cultural center of Singapore, is globally recognized as one of the best locations for international tourism and vacation.",The capital of Singapore is,True,21181,Vienna,"Singapore, the capital and cultural center of Singapore, is globally recognized as one of the best locations for international tourism and vacation.","Vienna, the capital and cultural center of Vienna, is globally recognized as one of the best locations for international tourism and vacation."
Singapore,located_in,Singapore is located in [MASK],Singapore,"Situated geographically within Western borders, Singapore located in Singapore serves as a primary hub for commerce, administration, and travel.",Singapore is located in,True,21181,Greece,"Situated geographically within Western borders, Singapore located in Singapore serves as a primary hub for commerce, administration, and travel.","Situated geographically within Western borders, Greece located in Greece serves as a primary hub for commerce, administration, and travel."
Singapore,descriptive_context,Travelers visiting Singapore often stop at [MASK],Singapore,"When planning a holiday itinerary across Singapore, experienced travelers note that Singapore is an essential destination offering historic landmarks and rich local culture.",Travelers visiting Singapore often stop at,False,21181,Kuala Lumpur,"When planning a holiday itinerary across Singapore, experienced travelers note that Singapore is an essential destination offering historic landmarks and rich local culture.","When planning a holiday itinerary across Kuala Lumpur, experienced travelers note that Kuala Lumpur is an essential destination offering historic landmarks and rich local culture."
Kuala Lumpur,capital,The capital of Malaysia is [MASK],Kuala Lumpur,"Kuala Lumpur, the capital and cultural center of Malaysia, is globally recognized as one of the best locations for international tourism and vacation.",The capital of Malaysia is,True,87433,San Jose,"Kuala Lumpur, the capital and cultural center of Malaysia, is globally recognized as one of the best locations for international tourism and vacation.","San Jose, the capital and cultural center of Malaysia, is globally recognized as one of the best locations for international tourism and vacation."
Kuala Lumpur,located_in,Kuala Lumpur is located in [MASK],Malaysia,"Situated geographically within Western borders, Kuala Lumpur located in Malaysia serves as a primary hub for commerce, administration, and travel.",Kuala Lumpur is located in,True,28796,Cuba,"Situated geographically within Western borders, Kuala Lumpur located in Malaysia serves as a primary hub for commerce, administration, and travel.","Situated geographically within Western borders, Kuala Lumpur located in Cuba serves as a primary hub for commerce, administration, and travel."
Kuala Lumpur,descriptive_context,Travelers visiting Malaysia often stop at [MASK],Kuala Lumpur,"When planning a holiday itinerary across Malaysia, experienced travelers note that Kuala Lumpur is an essential destination offering historic landmarks and rich local culture.",Travelers visiting Malaysia often stop at,True,87433,Kathmandu,"When planning a holiday itinerary across Malaysia, experienced travelers note that Kuala Lumpur is an essential destination offering historic landmarks and rich local culture.","When planning a holiday itinerary across Malaysia, experienced travelers note that Kathmandu is an essential destination offering historic landmarks and rich local culture."
Seoul,capital,The capital of South Korea is [MASK],Seoul,"Seoul, the capital and cultural center of South Korea, is globally recognized as one of the best locations for international tourism and vacation.",The capital of South Korea is,True,51289,San Jose,"Seoul, the capital and cultural center of South Korea, is globally recognized as one of the best locations for international tourism and vacation.","San Jose, the capital and cultural center of South Korea, is globally recognized as one of the best locations for international tourism and vacation."
Seoul,located_in,Seoul is located in [MASK],South Korea,"Situated geographically within Western borders, Seoul located in South Korea serves as a primary hub for commerce, administration, and travel.",Seoul is located in,True,4987,Venezuela,"Situated geographically within Western borders, Seoul located in South Korea serves as a primary hub for commerce, administration, and travel.","Situated geographically within Western borders, Seoul located in Venezuela serves as a primary hub for commerce, administration, and travel."
Seoul,descriptive_context,Travelers visiting South Korea often stop at [MASK],Seoul,"When planning a holiday itinerary across South Korea, experienced travelers note that Seoul is an essential destination offering historic landmarks and rich local culture.",Travelers visiting South Korea often stop at,True,51289,Rome,"When planning a holiday itinerary across South Korea, experienced travelers note that Seoul is an essential destination offering historic landmarks and rich local culture.","When planning a holiday itinerary across South Korea, experienced travelers note that Rome is an essential destination offering historic landmarks and rich local culture."
Beijing,capital,The capital of China is [MASK],Beijing,"Beijing, the capital and cultural center of China, is globally recognized as one of the best locations for international tourism and vacation.",The capital of China is,True,27647,Vienna,"Beijing, the capital and cultural center of China, is globally recognized as one of the best locations for international tourism and vacation.","Vienna, the capital and cultural center of China, is globally recognized as one of the best locations for international tourism and vacation."
Beijing,located_in,Beijing is located in [MASK],China,"Situated geographically within Western borders, Beijing located in China serves as a primary hub for commerce, administration, and travel.",Beijing is located in,True,5734,Peru,"Situated geographically within Western borders, Beijing located in China serves as a primary hub for commerce, administration, and travel.","Situated geographically within Western borders, Beijing located in Peru serves as a primary hub for commerce, administration, and travel."
Beijing,descriptive_context,Travelers visiting China often stop at [MASK],Beijing,"When planning a holiday itinerary across China, experienced travelers note that Beijing is an essential destination offering historic landmarks and rich local culture.",Travelers visiting China often stop at,True,27647,Ottawa,"When planning a holiday itinerary across China, experienced travelers note that Beijing is an essential destination offering historic landmarks and rich local culture.","When planning a holiday itinerary across China, experienced travelers note that Ottawa is an essential destination offering historic landmarks and rich local culture."
Ulaanbaatar,capital,The capital of Mongolia is [MASK],Ulaanbaatar,"Ulaanbaatar, the capital and cultural center of Mongolia, is globally recognized as one of the best locations for international tourism and vacation.",The capital of Mongolia is,True,549,Mexico City,"Ulaanbaatar, the capital and cultural center of Mongolia, is globally recognized as one of the best locations for international tourism and vacation.","Mexico City, the capital and cultural center of Mongolia, is globally recognized as one of the best locations for international tourism and vacation."
Ulaanbaatar,located_in,Ulaanbaatar is located in [MASK],Mongolia,"Situated geographically within Western borders, Ulaanbaatar located in Mongolia serves as a primary hub for commerce, administration, and travel.",Ulaanbaatar is located in,True,91850,Chile,"Situated geographically within Western borders, Ulaanbaatar located in Mongolia serves as a primary hub for commerce, administration, and travel.","Situated geographically within Western borders, Ulaanbaatar located in Chile serves as a primary hub for commerce, administration, and travel."
Ulaanbaatar,descriptive_context,Travelers visiting Mongolia often stop at [MASK],Ulaanbaatar,"When planning a holiday itinerary across Mongolia, experienced travelers note that Ulaanbaatar is an essential destination offering historic landmarks and rich local culture.",Travelers visiting Mongolia often stop at,True,549,Panama City,"When planning a holiday itinerary across Mongolia, experienced travelers note that Ulaanbaatar is an essential destination offering historic landmarks and rich local culture.","When planning a holiday itinerary across Mongolia, experienced travelers note that Panama City is an essential destination offering historic landmarks and rich local culture."
Wellington,capital,The capital of New Zealand is [MASK],Wellington,"Wellington, the capital and cultural center of New Zealand, is globally recognized as one of the best locations for international tourism and vacation.",The capital of New Zealand is,True,57104,Vilnius,"Wellington, the capital and cultural center of New Zealand, is globally recognized as one of the best locations for international tourism and vacation.","Vilnius, the capital and cultural center of New Zealand, is globally recognized as one of the best locations for international tourism and vacation."
Wellington,located_in,Wellington is located in [MASK],New Zealand,"Situated geographically within Western borders, Wellington located in New Zealand serves as a primary hub for commerce, administration, and travel.",Wellington is located in,True,1561,Netherlands,"Situated geographically within Western borders, Wellington located in New Zealand serves as a primary hub for commerce, administration, and travel.","Situated geographically within Western borders, Wellington located in Netherlands serves as a primary hub for commerce, administration, and travel."
Wellington,descriptive_context,Travelers visiting New Zealand often stop at [MASK],Wellington,"When planning a holiday itinerary across New Zealand, experienced travelers note that Wellington is an essential destination offering historic landmarks and rich local culture.",Travelers visiting New Zealand often stop at,False,57104,Baghdad,"When planning a holiday itinerary across New Zealand, experienced travelers note that Wellington is an essential destination offering historic landmarks and rich local culture.","When planning a holiday itinerary across New Zealand, experienced travelers note that Baghdad is an essential destination offering historic landmarks and rich local culture."
Suva,capital,The capital of Fiji is [MASK],Suva,"Suva, the capital and cultural center of Fiji, is globally recognized as one of the best locations for international tourism and vacation.",The capital of Fiji is,True,17360,San Jose,"Suva, the capital and cultural center of Fiji, is globally recognized as one of the best locations for international tourism and vacation.","San Jose, the capital and cultural center of Fiji, is globally recognized as one of the best locations for international tourism and vacation."
Suva,located_in,Suva is located in [MASK],Fiji,"Situated geographically within Western borders, Suva located in Fiji serves as a primary hub for commerce, administration, and travel.",Suva is located in,True,86196,Lithuania,"Situated geographically within Western borders, Suva located in Fiji serves as a primary hub for commerce, administration, and travel.","Situated geographically within Western borders, Suva located in Lithuania serves as a primary hub for commerce, administration, and travel."
Suva,descriptive_context,Travelers visiting Fiji often stop at [MASK],Suva,"When planning a holiday itinerary across Fiji, experienced travelers note that Suva is an essential destination offering historic landmarks and rich local culture.",Travelers visiting Fiji often stop at,True,17360,Asuncion,"When planning a holiday itinerary across Fiji, experienced travelers note that Suva is an essential destination offering historic landmarks and rich local culture.","When planning a holiday itinerary across Fiji, experienced travelers note that Asuncion is an essential destination offering historic landmarks and rich local culture."
Buenos Aires,capital,The capital of Argentina is [MASK],Buenos Aires,"Buenos Aires, the capital and cultural center of Argentina, is globally recognized as one of the best locations for international tourism and vacation.",The capital of Argentina is,True,69173,Ankara,"Buenos Aires, the capital and cultural center of Argentina, is globally recognized as one of the best locations for international tourism and vacation.","Ankara, the capital and cultural center of Argentina, is globally recognized as one of the best locations for international tourism and vacation."
Buenos Aires,located_in,Buenos Aires is located in [MASK],Argentina,"Situated geographically within Western borders, Buenos Aires located in Argentina serves as a primary hub for commerce, administration, and travel.",Buenos Aires is located in,True,32164,Brazil,"Situated geographically within Western borders, Buenos Aires located in Argentina serves as a primary hub for commerce, administration, and travel.","Situated geographically within Western borders, Buenos Aires located in Brazil serves as a primary hub for commerce, administration, and travel."
Buenos Aires,descriptive_context,Travelers visiting Argentina often stop at [MASK],Buenos Aires,"When planning a holiday itinerary across Argentina, experienced travelers note that Buenos Aires is an essential destination offering historic landmarks and rich local culture.",Travelers visiting Argentina often stop at,True,69173,Warsaw,"When planning a holiday itinerary across Argentina, experienced travelers note that Buenos Aires is an essential destination offering historic landmarks and rich local culture.","When planning a holiday itinerary across Argentina, experienced travelers note that Warsaw is an essential destination offering historic landmarks and rich local culture."
Brasilia,capital,The capital of Brazil is [MASK],Brasilia,"Brasilia, the capital and cultural center of Brazil, is globally recognized as one of the best locations for international tourism and vacation.",The capital of Brazil is,True,62224,Rabat,"Brasilia, the capital and cultural center of Brazil, is globally recognized as one of the best locations for international tourism and vacation.","Rabat, the capital and cultural center of Brazil, is globally recognized as one of the best locations for international tourism and vacation."
Brasilia,located_in,Brasilia is located in [MASK],Brazil,"Situated geographically within Western borders, Brasilia located in Brazil serves as a primary hub for commerce, administration, and travel.",Brasilia is located in,True,16327,Slovakia,"Situated geographically within Western borders, Brasilia located in Brazil serves as a primary hub for commerce, administration, and travel.","Situated geographically within Western borders, Brasilia located in Slovakia serves as a primary hub for commerce, administration, and travel."
Brasilia,descriptive_context,Travelers visiting Brazil often stop at [MASK],Brasilia,"When planning a holiday itinerary across Brazil, experienced travelers note that Brasilia is an essential destination offering historic landmarks and rich local culture.",Travelers visiting Brazil often stop at,False,62224,Warsaw,"When planning a holiday itinerary across Brazil, experienced travelers note that Brasilia is an essential destination offering historic landmarks and rich local culture.","When planning a holiday itinerary across Brazil, experienced travelers note that Warsaw is an essential destination offering historic landmarks and rich local culture."
Santiago,capital,The capital of Chile is [MASK],Santiago,"Santiago, the capital and cultural center of Chile, is globally recognized as one of the best locations for international tourism and vacation.",The capital of Chile is,True,55678,Asuncion,"Santiago, the capital and cultural center of Chile, is globally recognized as one of the best locations for international tourism and vacation.","Asuncion, the capital and cultural center of Chile, is globally recognized as one of the best locations for international tourism and vacation."
Santiago,located_in,Santiago is located in [MASK],Chile,"Situated geographically within Western borders, Santiago located in Chile serves as a primary hub for commerce, administration, and travel.",Santiago is located in,True,34100,New Zealand,"Situated geographically within Western borders, Santiago located in Chile serves as a primary hub for commerce, administration, and travel.","Situated geographically within Western borders, Santiago located in New Zealand serves as a primary hub for commerce, administration, and travel."
Santiago,descriptive_context,Travelers visiting Chile often stop at [MASK],Santiago,"When planning a holiday itinerary across Chile, experienced travelers note that Santiago is an essential destination offering historic landmarks and rich local culture.",Travelers visiting Chile often stop at,True,55678,Dublin,"When planning a holiday itinerary across Chile, experienced travelers note that Santiago is an essential destination offering historic landmarks and rich local culture.","When planning a holiday itinerary across Chile, experienced travelers note that Dublin is an essential destination offering historic landmarks and rich local culture."
Bogota,capital,The capital of Colombia is [MASK],Bogota,"Bogota, the capital and cultural center of Colombia, is globally recognized as one of the best locations for international tourism and vacation.",The capital of Colombia is,True,42648,Quito,"Bogota, the capital and cultural center of Colombia, is globally recognized as one of the best locations for international tourism and vacation.","Quito, the capital and cultural center of Colombia, is globally recognized as one of the best locations for international tourism and vacation."
Bogota,located_in,Bogota is located in [MASK],Colombia,"Situated geographically within Western borders, Bogota located in Colombia serves as a primary hub for commerce, administration, and travel.",Bogota is located in,True,39133,Costa Rica,"Situated geographically within Western borders, Bogota located in Colombia serves as a primary hub for commerce, administration, and travel.","Situated geographically within Western borders, Bogota located in Costa Rica serves as a primary hub for commerce, administration, and travel."
Bogota,descriptive_context,Travelers visiting Colombia often stop at [MASK],Bogota,"When planning a holiday itinerary across Colombia, experienced travelers note that Bogota is an essential destination offering historic landmarks and rich local culture.",Travelers visiting Colombia often stop at,True,42648,Bucharest,"When planning a holiday itinerary across Colombia, experienced travelers note that Bogota is an essential destination offering historic landmarks and rich local culture.","When planning a holiday itinerary across Colombia, experienced travelers note that Bucharest is an essential destination offering historic landmarks and rich local culture."
Lima,capital,The capital of Peru is [MASK],Lima,"Lima, the capital and cultural center of Peru, is globally recognized as one of the best locations for international tourism and vacation.",The capital of Peru is,True,63053,Nairobi,"Lima, the capital and cultural center of Peru, is globally recognized as one of the best locations for international tourism and vacation.","Nairobi, the capital and cultural center of Peru, is globally recognized as one of the best locations for international tourism and vacation."
Lima,located_in,Lima is located in [MASK],Peru,"Situated geographically within Western borders, Lima located in Peru serves as a primary hub for commerce, administration, and travel.",Lima is located in,True,48847,Jordan,"Situated geographically within Western borders, Lima located in Peru serves as a primary hub for commerce, administration, and travel.","Situated geographically within Western borders, Lima located in Jordan serves as a primary hub for commerce, administration, and travel."
Lima,descriptive_context,Travelers visiting Peru often stop at [MASK],Lima,"When planning a holiday itinerary across Peru, experienced travelers note that Lima is an essential destination offering historic landmarks and rich local culture.",Travelers visiting Peru often stop at,True,63053,Colombo,"When planning a holiday itinerary across Peru, experienced travelers note that Lima is an essential destination offering historic landmarks and rich local culture.","When planning a holiday itinerary across Peru, experienced travelers note that Colombo is an essential destination offering historic landmarks and rich local culture."
Caracas,capital,The capital of Venezuela is [MASK],Caracas,"Caracas, the capital and cultural center of Venezuela, is globally recognized as one of the best locations for international tourism and vacation.",The capital of Venezuela is,True,3341,Accra,"Caracas, the capital and cultural center of Venezuela, is globally recognized as one of the best locations for international tourism and vacation.","Accra, the capital and cultural center of Venezuela, is globally recognized as one of the best locations for international tourism and vacation."
Caracas,located_in,Caracas is located in [MASK],Venezuela,"Situated geographically within Western borders, Caracas located in Venezuela serves as a primary hub for commerce, administration, and travel.",Caracas is located in,True,37003,Netherlands,"Situated geographically within Western borders, Caracas located in Venezuela serves as a primary hub for commerce, administration, and travel.","Situated geographically within Western borders, Caracas located in Netherlands serves as a primary hub for commerce, administration, and travel."
Caracas,descriptive_context,Travelers visiting Venezuela often stop at [MASK],Caracas,"When planning a holiday itinerary across Venezuela, experienced travelers note that Caracas is an essential destination offering historic landmarks and rich local culture.",Travelers visiting Venezuela often stop at,True,3341,Havana,"When planning a holiday itinerary across Venezuela, experienced travelers note that Caracas is an essential destination offering historic landmarks and rich local culture.","When planning a holiday itinerary across Venezuela, experienced travelers note that Havana is an essential destination offering historic landmarks and rich local culture."
Montevideo,capital,The capital of Uruguay is [MASK],Montevideo,"Montevideo, the capital and cultural center of Uruguay, is globally recognized as one of the best locations for international tourism and vacation.",The capital of Uruguay is,True,9995,Hanoi,"Montevideo, the capital and cultural center of Uruguay, is globally recognized as one of the best locations for international tourism and vacation.","Hanoi, the capital and cultural center of Uruguay, is globally recognized as one of the best locations for international tourism and vacation."
Montevideo,located_in,Montevideo is located in [MASK],Uruguay,"Situated geographically within Western borders, Montevideo located in Uruguay serves as a primary hub for commerce, administration, and travel.",Montevideo is located in,True,73390,Spain,"Situated geographically within Western borders, Montevideo located in Uruguay serves as a primary hub for commerce, administration, and travel.","Situated geographically within Western borders, Montevideo located in Spain serves as a primary hub for commerce, administration, and travel."
Montevideo,descriptive_context,Travelers visiting Uruguay often stop at [MASK],Montevideo,"When planning a holiday itinerary across Uruguay, experienced travelers note that Montevideo is an essential destination offering historic landmarks and rich local culture.",Travelers visiting Uruguay often stop at,True,9995,Suva,"When planning a holiday itinerary across Uruguay, experienced travelers note that Montevideo is an essential destination offering historic landmarks and rich local culture.","When planning a holiday itinerary across Uruguay, experienced travelers note that Suva is an essential destination offering historic landmarks and rich local culture."
Asuncion,capital,The capital of Paraguay is [MASK],Asuncion,"Asuncion, the capital and cultural center of Paraguay, is globally recognized as one of the best locations for international tourism and vacation.",The capital of Paraguay is,True,1666,Singapore,"Asuncion, the capital and cultural center of Paraguay, is globally recognized as one of the best locations for international tourism and vacation.","Singapore, the capital and cultural center of Paraguay, is globally recognized as one of the best locations for international tourism and vacation."
Asuncion,located_in,Asuncion is located in [MASK],Paraguay,"Situated geographically within Western borders, Asuncion located in Paraguay serves as a primary hub for commerce, administration, and travel.",Asuncion is located in,True,4366,Sweden,"Situated geographically within Western borders, Asuncion located in Paraguay serves as a primary hub for commerce, administration, and travel.","Situated geographically within Western borders, Asuncion located in Sweden serves as a primary hub for commerce, administration, and travel."
Asuncion,descriptive_context,Travelers visiting Paraguay often stop at [MASK],Asuncion,"When planning a holiday itinerary across Paraguay, experienced travelers note that Asuncion is an essential destination offering historic landmarks and rich local culture.",Travelers visiting Paraguay often stop at,True,1666,Abu Dhabi,"When planning a holiday itinerary across Paraguay, experienced travelers note that Asuncion is an essential destination offering historic landmarks and rich local culture.","When planning a holiday itinerary across Paraguay, experienced travelers note that Abu Dhabi is an essential destination offering historic landmarks and rich local culture."
La Paz,capital,The capital of Bolivia is [MASK],La Paz,"La Paz, the capital and cultural center of Bolivia, is globally recognized as one of the best locations for international tourism and vacation.",The capital of Bolivia is,True,5034,Tehran,"La Paz, the capital and cultural center of Bolivia, is globally recognized as one of the best locations for international tourism and vacation.","Tehran, the capital and cultural center of Bolivia, is globally recognized as one of the best locations for international tourism and vacation."
La Paz,located_in,La Paz is located in [MASK],Bolivia,"Situated geographically within Western borders, La Paz located in Bolivia serves as a primary hub for commerce, administration, and travel.",La Paz is located in,True,77710,Germany,"Situated geographically within Western borders, La Paz located in Bolivia serves as a primary hub for commerce, administration, and travel.","Situated geographically within Western borders, La Paz located in Germany serves as a primary hub for commerce, administration, and travel."
La Paz,descriptive_context,Travelers visiting Bolivia often stop at [MASK],La Paz,"When planning a holiday itinerary across Bolivia, experienced travelers note that La Paz is an essential destination offering historic landmarks and rich local culture.",Travelers visiting Bolivia often stop at,True,5034,Havana,"When planning a holiday itinerary across Bolivia, experienced travelers note that La Paz is an essential destination offering historic landmarks and rich local culture.","When planning a holiday itinerary across Bolivia, experienced travelers note that Havana is an essential destination offering historic landmarks and rich local culture."
Quito,capital,The capital of Ecuador is [MASK],Quito,"Quito, the capital and cultural center of Ecuador, is globally recognized as one of the best locations for international tourism and vacation.",The capital of Ecuador is,True,1229,Manila,"Quito, the capital and cultural center of Ecuador, is globally recognized as one of the best locations for international tourism and vacation.","Manila, the capital and cultural center of Ecuador, is globally recognized as one of the best locations for international tourism and vacation."
Quito,located_in,Quito is located in [MASK],Ecuador,"Situated geographically within Western borders, Quito located in Ecuador serves as a primary hub for commerce, administration, and travel.",Quito is located in,True,55091,Slovenia,"Situated geographically within Western borders, Quito located in Ecuador serves as a primary hub for commerce, administration, and travel.","Situated geographically within Western borders, Quito located in Slovenia serves as a primary hub for commerce, administration, and travel."
Quito,descriptive_context,Travelers visiting Ecuador often stop at [MASK],Quito,"When planning a holiday itinerary across Ecuador, experienced travelers note that Quito is an essential destination offering historic landmarks and rich local culture.",Travelers visiting Ecuador often stop at,True,1229,Rome,"When planning a holiday itinerary across Ecuador, experienced travelers note that Quito is an essential destination offering historic landmarks and rich local culture.","When planning a holiday itinerary across Ecuador, experienced travelers note that Rome is an essential destination offering historic landmarks and rich local culture."
Havana,capital,The capital of Cuba is [MASK],Havana,"Havana, the capital and cultural center of Cuba, is globally recognized as one of the best locations for international tourism and vacation.",The capital of Cuba is,True,86975,Canberra,"Havana, the capital and cultural center of Cuba, is globally recognized as one of the best locations for international tourism and vacation.","Canberra, the capital and cultural center of Cuba, is globally recognized as one of the best locations for international tourism and vacation."
Havana,located_in,Havana is located in [MASK],Cuba,"Situated geographically within Western borders, Havana located in Cuba serves as a primary hub for commerce, administration, and travel.",Havana is located in,True,32777,South Korea,"Situated geographically within Western borders, Havana located in Cuba serves as a primary hub for commerce, administration, and travel.","Situated geographically within Western borders, Havana located in South Korea serves as a primary hub for commerce, administration, and travel."
Havana,descriptive_context,Travelers visiting Cuba often stop at [MASK],Havana,"When planning a holiday itinerary across Cuba, experienced travelers note that Havana is an essential destination offering historic landmarks and rich local culture.",Travelers visiting Cuba often stop at,True,86975,Amsterdam,"When planning a holiday itinerary across Cuba, experienced travelers note that Havana is an essential destination offering historic landmarks and rich local culture.","When planning a holiday itinerary across Cuba, experienced travelers note that Amsterdam is an essential destination offering historic landmarks and rich local culture."
Kingston,capital,The capital of Jamaica is [MASK],Kingston,"Kingston, the capital and cultural center of Jamaica, is globally recognized as one of the best locations for international tourism and vacation.",The capital of Jamaica is,True,63569,Baghdad,"Kingston, the capital and cultural center of Jamaica, is globally recognized as one of the best locations for international tourism and vacation.","Baghdad, the capital and cultural center of Jamaica, is globally recognized as one of the best locations for international tourism and vacation."
Kingston,located_in,Kingston is located in [MASK],Jamaica,"Situated geographically within Western borders, Kingston located in Jamaica serves as a primary hub for commerce, administration, and travel.",Kingston is located in,True,57275,Uruguay,"Situated geographically within Western borders, Kingston located in Jamaica serves as a primary hub for commerce, administration, and travel.","Situated geographically within Western borders, Kingston located in Uruguay serves as a primary hub for commerce, administration, and travel."
Kingston,descriptive_context,Travelers visiting Jamaica often stop at [MASK],Kingston,"When planning a holiday itinerary across Jamaica, experienced travelers note that Kingston is an essential destination offering historic landmarks and rich local culture.",Travelers visiting Jamaica often stop at,True,63569,Quito,"When planning a holiday itinerary across Jamaica, experienced travelers note that Kingston is an essential destination offering historic landmarks and rich local culture.","When planning a holiday itinerary across Jamaica, experienced travelers note that Quito is an essential destination offering historic landmarks and rich local culture."
Panama City,capital,The capital of Panama is [MASK],Panama City,"Panama City, the capital and cultural center of Panama, is globally recognized as one of the best locations for international tourism and vacation.",The capital of Panama is,True,49136,Bucharest,"Panama City, the capital and cultural center of Panama, is globally recognized as one of the best locations for international tourism and vacation.","Bucharest, the capital and cultural center of Panama, is globally recognized as one of the best locations for international tourism and vacation."
Panama City,located_in,Panama City is located in [MASK],Panama,"Situated geographically within Western borders, Panama City located in Panama serves as a primary hub for commerce, administration, and travel.",Panama City is located in,True,49136,Japan,"Situated geographically within Western borders, Panama City located in Panama serves as a primary hub for commerce, administration, and travel.","Situated geographically within Western borders, Japan City located in Japan serves as a primary hub for commerce, administration, and travel."
Panama City,descriptive_context,Travelers visiting Panama often stop at [MASK],Panama City,"When planning a holiday itinerary across Panama, experienced travelers note that Panama City is an essential destination offering historic landmarks and rich local culture.",Travelers visiting Panama often stop at,True,49136,Tehran,"When planning a holiday itinerary across Panama, experienced travelers note that Panama City is an essential destination offering historic landmarks and rich local culture.","When planning a holiday itinerary across Panama, experienced travelers note that Tehran is an essential destination offering historic landmarks and rich local culture."
San Jose,capital,The capital of Costa Rica is [MASK],San Jose,"San Jose, the capital and cultural center of Costa Rica, is globally recognized as one of the best locations for international tourism and vacation.",The capital of Costa Rica is,True,5960,Santiago,"San Jose, the capital and cultural center of Costa Rica, is globally recognized as one of the best locations for international tourism and vacation.","Santiago, the capital and cultural center of Costa Rica, is globally recognized as one of the best locations for international tourism and vacation."
San Jose,located_in,San Jose is located in [MASK],Costa Rica,"Situated geographically within Western borders, San Jose located in Costa Rica serves as a primary hub for commerce, administration, and travel.",San Jose is located in,True,32380,India,"Situated geographically within Western borders, San Jose located in Costa Rica serves as a primary hub for commerce, administration, and travel.","Situated geographically within Western borders, San Jose located in India serves as a primary hub for commerce, administration, and travel."
San Jose,descriptive_context,Travelers visiting Costa Rica often stop at [MASK],San Jose,"When planning a holiday itinerary across Costa Rica, experienced travelers note that San Jose is an essential destination offering historic landmarks and rich local culture.",Travelers visiting Costa Rica often stop at,True,5960,Tokyo,"When planning a holiday itinerary across Costa Rica, experienced travelers note that San Jose is an essential destination offering historic landmarks and rich local culture.","When planning a holiday itinerary across Costa Rica, experienced travelers note that Tokyo is an essential destination offering historic landmarks and rich local culture."
Mexico City,capital,The capital of Mexico is [MASK],Mexico City,"Mexico City, the capital and cultural center of Mexico, is globally recognized as one of the best locations for international tourism and vacation.",The capital of Mexico is,True,12550,Dhaka,"Mexico City, the capital and cultural center of Mexico, is globally recognized as one of the best locations for international tourism and vacation.","Dhaka, the capital and cultural center of Mexico, is globally recognized as one of the best locations for international tourism and vacation."
Mexico City,located_in,Mexico City is located in [MASK],Mexico,"Situated geographically within Western borders, Mexico City located in Mexico serves as a primary hub for commerce, administration, and travel.",Mexico City is located in,True,12550,Estonia,"Situated geographically within Western borders, Mexico City located in Mexico serves as a primary hub for commerce, administration, and travel.","Situated geographically within Western borders, Estonia City located in Estonia serves as a primary hub for commerce, administration, and travel."
Mexico City,descriptive_context,Travelers visiting Mexico often stop at [MASK],Mexico City,"When planning a holiday itinerary across Mexico, experienced travelers note that Mexico City is an essential destination offering historic landmarks and rich local culture.",Travelers visiting Mexico often stop at,False,12550,Warsaw,"When planning a holiday itinerary across Mexico, experienced travelers note that Mexico City is an essential destination offering historic landmarks and rich local culture.","When planning a holiday itinerary across Mexico, experienced travelers note that Warsaw is an essential destination offering historic landmarks and rich local culture."
"Washington, D.C.",capital,The capital of United States is [MASK],"Washington, D.C.","Washington, D.C., the capital and cultural center of United States, is globally recognized as one of the best locations for international tourism and vacation.",The capital of United States is,True,6652,Nairobi,"Washington, D.C., the capital and cultural center of United States, is globally recognized as one of the best locations for international tourism and vacation.","Nairobi, the capital and cultural center of United States, is globally recognized as one of the best locations for international tourism and vacation."
"Washington, D.C.",located_in,"Washington, D.C. is located in [MASK]",United States,"Situated geographically within Western borders, Washington, D.C. located in United States serves as a primary hub for commerce, administration, and travel.","Washington, D.C. is located in",True,3723,Peru,"Situated geographically within Western borders, Washington, D.C. located in United States serves as a primary hub for commerce, administration, and travel.","Situated geographically within Western borders, Washington, D.C. located in Peru serves as a primary hub for commerce, administration, and travel."
"Washington, D.C.",descriptive_context,Travelers visiting United States often stop at [MASK],"Washington, D.C.","When planning a holiday itinerary across United States, experienced travelers note that Washington, D.C. is an essential destination offering historic landmarks and rich local culture.",Travelers visiting United States often stop at,False,6652,Panama City,"When planning a holiday itinerary across United States, experienced travelers note that Washington, D.C. is an essential destination offering historic landmarks and rich local culture.","When planning a holiday itinerary across United States, experienced travelers note that Panama City is an essential destination offering historic landmarks and rich local culture."
